T,gyro_1f_az
-19.909179,1246
-19.809167,1247
-19.709189,1247
-19.609149,1247
-19.509185,1245
-19.409151,1246
-19.309139,1247
-19.209139,1245
-19.109157,1248
-19.009157,1245
-18.909175,1245
-18.809136,1247
-18.705846,1247
-18.609138,1246
-18.509146,1246
-18.409139,1246
-18.309141,1246
-18.209141,1246
-18.10635,1245
-18.009139,1247
-17.909137,1246
-17.809145,1247
-17.706344,1246
-17.609146,1246
-17.509142,1246
-17.409129,1247
-17.309144,1246
-17.20913,1247
-17.109129,1245
-17.009142,1245
-16.909147,1245
-16.809143,1246
-16.706315,1246
-16.609143,1246
-16.505848,1245
-16.406337,1247
-16.309135,1245
-16.206319,1246
-16.10635,1247
-16.009113,1247
-15.909123,1246
-15.806343,1245
-15.709133,1246
-15.606741,1247
-15.506327,1246
-15.406737,1245
-15.306725,1245
-15.206746,1246
-15.106745,1246
-15.006731,1246
-14.906757,1245
-14.806734,1247
-14.706743,1247
-14.605812,1246
-14.506733,1245
-14.406727,1247
-14.306737,1247
-14.206719,1246
-14.106751,1246
-14.009124,1247
-13.906745,1246
-13.80674,1246
-13.706715,1248
-13.606715,1246
-13.506724,1246
-13.406737,1245
-13.306733,1246
-13.206725,1245
-13.106697,1248
-13.006685,1246
-12.906708,1246
-12.80671,1245
-12.706593,1247
-12.606698,1246
-12.506706,1246
-12.406693,1246
-12.306702,1247
-12.206702,1246
-12.106693,1248
-12.006707,1246
-11.906294,1248
-11.806699,1246
-11.706707,1247
-11.607077,1247
-11.507112,1245
-11.407099,1247
-11.307082,1246
-11.207108,1247
-11.10712,1246
-11.00712,1245
-10.907111,1247
-10.806618,1245
-10.706287,1246
-10.607108,1245
-10.506602,1246
-10.407104,1248
-10.307118,1246
-10.206297,1246
-10.107117,1246
-10.006296,1248
-9.906301,1247
-9.807117,1246
-9.707105,1247
-9.607105,1246
-9.507114,1245
-9.406293,1247
-9.307096,1246
-9.20711,1246
-9.0063,1246
-8.905988,1246
-8.806314,1246
-8.706315,1248
-8.6058,1247
-8.506311,1246
-8.407105,1246
-8.307127,1245
-8.20632,1247
-8.107105,1246
-8.00633,1246
-7.907103,1245
-7.806317,1246
-7.707118,1246
-7.606324,1247
-7.506307,1246
-7.40632,1246
-7.306316,1247
-7.206329,1246
-7.106307,1246
-7.00632,1247
-6.906325,1245
-6.80632,1247
-6.705819,1248
-6.606308,1246
-6.507098,1246
-6.40629,1247
-6.306326,1246
-6.206313,1246
-6.106351,1246
-6.006324,1247
-5.906329,1247
-5.806316,1244
-5.706314,1244
-5.606314,1242
-5.506323,1242
-5.406314,1250
-5.306323,1245
-5.206323,1241
-5.106295,1244
-5.006308,1247
-4.907107,1251
-4.80582,1247
-4.706323,1245
-4.606309,1240
-4.506331,1244
-4.406345,1245
-4.306327,1247
-4.206327,1248
-4.106326,1245
-4.006326,1250
-3.907124,1249
-3.806353,1252
-3.70634,1242
-3.60634,1244
-3.506323,1239
-3.406349,1244
-3.307126,1243
-3.206345,1244
-3.10633,1248
-3.00633,1244
-2.905837,1252
-2.806309,1246
-2.70631,1247
-2.605794,1240
-2.506332,1246
-2.406345,1245
-2.306327,1240
-2.206327,1239
-2.106326,1245
-2.006326,1244
-1.906331,1253
-1.806339,1245
-1.706327,1250
-1.60632,1250
-1.506329,1236
-1.406329,1255
-1.306364,1256
-1.206338,1244
-1.106323,1246
-1.005887,1261
-0.906341,1249
-0.806336,1251
-0.705836,1255
-0.606338,1231
-0.506346,1253
-0.40632,1238
-0.306342,1246
-0.206302,1262
-0.106354,1244
-0.006341,1252
0.093655,1239
0.193663,1235
0.293662,1260
0.393649,1249
0.493666,1236
0.593666,1251
0.693653,1296
0.793614,237
0.893632,230
0.993606,187
1.093641,225
1.194138,62
1.293648,175
1.393626,317
1.493643,292
1.593616,257
1.693594,350
1.793608,350
1.893596,374
1.993636,219
2.093605,371
2.193603,234
2.293615,323
2.393629,480
2.493606,225
2.593597,266
2.693562,264
2.793601,572
2.893616,308
2.99359,411
3.094113,403
3.193597,420
3.293609,524
3.393609,336
3.493587,441
3.5936,289
3.693582,323
3.793608,377
3.893597,450
3.993604,382
4.093599,354
4.19359,226
4.293623,534
4.393596,551
4.493592,561
4.593579,290
4.6936,636
4.793574,605
4.893615,192
4.994117,478
5.09361,440
5.193579,486
5.293595,400
5.393586,521
5.493607,366
5.593581,358
5.693612,637
6.093595,487
6.193591,281
6.293589,590
6.39358,572
6.493571,582
6.593584,618
6.693589,550
6.793602,548
6.894106,678
6.993577,607
7.093593,260
7.193602,497
7.293591,408
7.393595,669
7.493587,571
7.593586,611
7.993579,430
8.093588,411
8.193578,527
8.293555,453
8.393608,373
8.49359,356
8.593581,383
8.693602,543
8.794091,301
8.89359,426
8.993564,540
9.093586,544
9.193594,666
9.293584,560
9.393584,589
9.493562,597
9.593575,659
9.69357,447
9.79357,484
9.893585,491
9.993585,602
10.093606,433
10.193589,654
10.293574,656
10.393591,505
10.694118,364
10.793616,513
10.893591,579
10.99408,511
11.093586,604
11.193558,538
11.293574,763
11.393574,342
11.493583,511
11.59357,165
11.6936,460
11.793574,561
11.893575,467
11.993592,529
12.093574,321
12.193573,430
12.393559,324
12.493563,483
12.594092,519
12.693585,314
12.793572,387
12.894066,542
12.993564,418
13.093559,405
13.193554,421
13.293593,490
13.393557,464
13.493579,461
13.593552,519
13.693547,402
13.793561,558
13.893566,571
13.993566,408
14.093562,184
14.193582,420
14.293578,495
14.393552,619
14.494045,240
14.593547,536
14.693551,464
14.794057,610
14.89356,490
14.993574,486
15.093556,793
15.19358,486
15.293537,490
15.393577,287
15.493541,746
15.593541,654
15.693546,233
15.793558,534
15.893564,542
16.093533,408
16.19354,439
16.293557,363
16.394033,557
16.493561,318
16.593561,288
16.694054,603
16.793526,444
16.893567,549
16.993554,332
17.093536,339
17.193583,514
17.29356,492
17.39355,325
17.493595,131
17.593555,458
17.693553,475
17.793567,204
17.893542,485
17.993536,529
18.093531,392
18.193528,346
18.294036,376
18.393548,111
18.49353,211
18.594045,379
18.693534,433
18.793508,411
18.893522,36
18.993535,-10
19.093588,372
19.293533,244
19.393553,291
19.493531,350
19.593544,297
19.693549,218
19.793536,244
19.893524,378
19.993511,397
20.09351,472
20.194039,297
20.293548,335
20.393521,370
20.494028,373
20.593539,444
20.69356,129
20.793552,147
20.893517,397
20.993534,384
21.093534,444
21.19353,390
21.293524,203
21.393511,298
21.493515,452
21.593488,78
21.693519,205
21.79351,395
21.893492,388
21.993493,392
22.09398,417
22.193519,630
22.393986,310
22.593515,420
22.693493,225
22.793545,408
22.893547,366
22.993547,242
23.093516,233
23.193503,507
23.293514,344
23.393518,248
23.49349,384
23.593543,279
23.693547,343
23.793521,311
23.893536,386
23.993509,231
24.093504,292
24.193545,518
24.294044,360
24.39352,94
24.493524,214
24.593511,220
24.693502,234
24.793529,167
24.893534,382
24.993521,420
25.093542,420
25.193544,347
25.293514,398
25.393531,529
25.493523,343
25.593522,409
25.693474,410
25.793501,260
25.893469,476
25.993464,135
26.093472,594
26.194028,312
26.29351,249
26.393488,283
26.493483,590
26.59349,187
26.693472,702
26.793466,341
26.893467,350
26.993481,297
27.093516,355
27.193463,116
27.293474,182
27.393478,364
27.493447,592
27.593481,438
27.693466,226
27.793492,257
27.893485,219
27.993479,379
28.09398,541
28.193462,462
28.293472,297
28.393463,290
28.493471,474
28.593476,323
28.693461,390
28.793465,503
28.893479,568
28.99348,432
29.093465,466
29.193453,280
29.293473,475
29.39345,557
29.493498,391
29.593476,296
29.693454,418
29.793441,387
29.893455,483
29.994001,502
30.093455,439
30.193465,424
30.293498,272
30.393465,375
30.493477,462
30.593464,352
30.693494,495
30.793468,404
30.89347,518
30.993456,538
31.093491,688
31.193479,353
31.293489,260
31.393484,463
31.493488,483
31.593469,375
31.693473,275
31.7935,634
31.894003,511
31.993461,530
32.093487,650
32.193492,612
32.293458,443
32.393485,335
32.493476,145
32.593476,324
32.693487,466
32.793475,385
32.893466,204
32.993467,532
33.093449,322
33.193485,494
33.293469,461
33.393456,600
33.493486,127
33.593473,664
33.693451,334
33.793948,512
33.89346,430
33.993447,681
34.093469,200
34.193456,197
34.293476,356
34.39349,500
34.493467,76
34.593467,344
34.693445,71
34.793445,530
34.893464,403
34.993464,196
35.093472,432
35.193456,410
35.293489,497
35.393462,536
35.49344,297
35.59348,333
35.693947,324
35.793465,470
35.893458,514
35.993431,432
36.093413,417
36.19344,500
36.293447,327
36.393467,273
36.493445,419
36.593432,183
36.693489,249
36.793437,543
36.893451,264
36.993464,453
37.09346,565
37.19343,583
37.293449,351
37.393476,241
37.493454,382
37.593969,324
37.693432,424
37.793432,465
37.893434,426
37.993433,432
38.093433,512
38.193456,496
38.293476,343
38.393453,248
38.493445,575
38.593431,356
38.693462,241
38.793462,546
38.89345,177
38.993437,491
39.093419,514
39.193442,578
39.293436,202
39.393449,619
39.493929,491
39.59344,609
39.693444,281
39.793445,555
39.793445,555
39.893446,474
39.993446,648
40.093445,429
40.193455,431
40.293462,503
40.393436,273
40.493457,565
40.593444,476
40.693448,499
40.793435,325
40.893476,454
40.993423,446
41.093458,277
41.193428,463
41.293448,256
41.293448,256
41.393937,516
41.493452,333
41.593426,444
41.693431,599
41.793457,825
41.893462,265
41.993453,365
42.093448,639
42.193458,419
42.293478,449
42.393452,524
42.493443,552
42.59343,390
42.693447,299
42.793487,194
42.893422,295
42.993435,397
43.093461,117
43.193445,492
43.29398,813
43.393478,609
43.493473,552
43.593464,336
43.693468,376
43.793442,383
43.893443,502
43.99343,554
44.093432,134
44.193443,450
44.293462,488
44.393423,566
44.49344,479
44.593427,410
44.693471,512
44.793431,475
44.893432,479
44.993446,423
45.093415,638
45.193927,491
45.293431,394
45.393405,536
45.493409,540
45.593422,561
45.693427,547
45.793414,312
45.893455,424
45.993432,444
46.093415,435
46.193411,512
46.293457,671
46.393409,449
46.493443,443
46.593417,651
46.693421,429
46.793434,406
46.893423,507
46.993436,407
47.093933,289
47.193428,626
47.293435,731
47.393435,550
47.493425,324
47.593399,617
47.69343,510
47.793417,760
47.893431,628
47.993432,488
48.0934,481
48.193397,495
48.293457,352
48.39347,443
48.493448,481
48.593461,522
48.693438,435
48.793412,227
48.893414,600
48.993916,519
49.093396,402
49.193387,689
49.293427,544
49.393401,264
49.493458,480
49.593405,571
49.693383,750
49.793423,469
49.893411,765
49.993397,315
50.093406,480
50.193403,721
50.293396,810
50.393417,702
50.493395,483
50.593394,397
50.693412,594
50.793412,147
50.893929,339
50.993414,491
51.093449,430
51.193427,595
51.293419,607
51.393414,488
51.493418,498
51.593431,753
51.693396,534
51.79341,596
51.89341,589
51.993384,296
52.093406,532
52.193416,657
52.393423,203
52.593374,457
52.693418,433
52.793894,758
52.893393,414
52.99338,586
53.093375,599
53.193385,764
53.493383,490
53.593413,319
53.693418,474
54.993383,443
55.093391,562
55.193401,332
55.293368,594
55.393407,514
55.493412,444
55.593425,859
55.693403,561
55.793416,355
55.893431,616
55.993391,464
56.093413,563
56.193383,698
56.293416,278
56.393416,718
56.493368,730
56.5939,427
56.69338,636
56.79338,656
56.893389,791
56.993402,704
57.093411,718
57.193394,494
57.293408,706
57.393382,434
57.493426,865
57.593399,576
57.69339,349
57.79343,574
57.893391,348
57.993405,633
58.0934,440
58.19341,543
58.293384,594
58.393371,729
58.493878,739
58.593362,459
58.693393,345
58.793407,607
58.893368,584
58.993368,658
59.093377,665
59.193373,653
59.293367,557
59.393393,712
59.493384,368
59.593375,567
59.693393,556
59.793353,675
59.893381,540
59.993368,624
60.093389,851
60.193373,725
60.29334,587
60.393842,534
60.493357,490
60.593331,553
60.693375,612
60.793353,453
60.893367,665
60.993354,561
61.093362,619
61.193373,694
61.293366,721
61.393392,663
61.493344,585
61.593344,641
61.693348,740
61.793335,575
61.893363,659
61.993376,464
62.093358,457
62.193342,408
62.29385,387
62.393335,647
62.493339,586
62.593366,503
62.693317,595
62.793357,339
62.893359,320
62.993372,594
63.093354,535
63.193338,736
63.29337,653
63.393344,773
63.493362,624
63.593374,460
63.693326,539
63.793353,758
63.893367,454
63.993354,345
64.093336,563
64.193835,584
64.293326,728
64.393353,569
64.493318,562
64.593317,485
64.693322,510
64.793335,511
64.89331,431
64.993363,374
65.093358,305
65.193368,564
65.293348,507
65.393375,511
65.493379,455
65.593352,438
65.693344,451
65.79333,559
65.893319,740
65.993345,432
66.093816,709
66.193337,560
66.293357,701
66.393357,802
66.493335,654
66.593348,572
66.693313,872
66.793326,865
66.893327,576
66.993328,500
67.093322,488
67.193333,386
67.293326,654
67.393326,654
67.493357,653
67.593317,513
67.693334,668
67.793321,614
67.893336,725
68.193315,727
68.293309,573
68.393335,981
68.593326,609
68.69337,581
68.79333,760
68.893332,563
68.993332,623
69.093327,676
69.193351,690
69.293317,807
69.39333,592
69.493335,729
69.593282,170
69.693312,694
69.793339,576
69.893816,590
69.993301,691
70.093323,511
70.19332,805
70.293352,520
70.3933,240
70.493304,578
70.593317,768
70.693335,404
70.793308,832
70.893323,767
70.993336,424
71.093279,910
71.193288,491
71.293321,579
71.393322,541
71.493325,586
71.593352,832
71.693304,536
71.793779,735
71.893279,819
71.993305,615
72.093288,868
72.193297,549
72.293304,895
72.393304,628
72.493295,825
72.593295,594
72.693313,446
72.793326,621
72.893314,714
72.993301,684
73.093322,728
73.19328,844
73.293313,639
73.393299,408
73.49333,695
73.593317,662
73.69381,745
73.793295,499
73.89331,893
73.99331,687
74.093305,795
74.193302,791
74.293308,646
74.393295,731
74.493286,773
74.593326,821
74.693317,684
74.793317,784
74.893279,472
74.993305,880
75.093327,667
75.193271,536
75.29329,615
75.393343,671
75.493321,825
75.593797,690
75.693299,602
75.793299,876
75.893288,595
75.993301,634
76.09327,436
76.19328,605
76.293312,830
76.393273,787
76.493277,615
76.593317,1015
76.693308,822
76.793282,509
76.893269,972
76.993283,622
77.093278,623
77.193262,681
77.293281,578
77.392527,921
77.493788,794
77.592492,674
77.692496,325
77.792497,1003
77.892484,641
77.992524,686
78.092506,1049
78.192516,522
78.292496,463
78.392497,611
78.492487,647
78.592474,673
78.692518,786
78.792505,703
78.89248,601
78.992493,748
79.092501,699
79.192512,551
79.292532,837
79.393801,571
79.492483,918
79.592483,624
79.692501,595
79.792487,1148
79.892515,847
79.992476,758
80.092471,836
80.192481,999
80.292488,657
80.392474,1130
80.492492,959
80.592492,656
80.692456,852
80.792477,729
80.892479,1065
80.993286,700
81.092474,594
81.193291,531
81.293786,926
81.392464,913
81.493276,1043
81.593289,697
81.69328,882
81.793306,860
81.893268,1097
81.993281,819
82.093277,1001
82.193274,989
82.293266,841
82.393293,934
82.493284,511
82.593271,885
82.693275,801
82.793289,1039
82.893263,843
82.993264,947
83.093299,830
83.193758,1211
83.293275,744
83.393262,1112
83.49328,1161
83.593293,1145
83.693271,887
83.793245,1166
83.893246,751
83.993273,1014
84.093241,922
84.193225,727
84.293284,886
84.393271,982
84.493249,938
84.593262,1088
84.693253,1127
84.793253,873
84.893268,945
84.993268,1054
85.093778,997
85.193273,800
85.29328,951
85.393227,931
85.493244,877
85.593231,1041
86.293249,948
86.393249,1182
86.49324,1185
86.59324,947
86.693244,1271
86.793258,1035
86.893286,1130
86.993761,1064
87.093254,1115
87.193251,905
87.293245,1025
87.393231,950
87.493275,1163
87.593276,1009
87.693226,1140
87.79324,1085
87.893255,1076
87.993255,1100
88.093276,1268
88.19326,1060
88.293266,987
88.393253,1213
88.493271,1032
88.593218,1108
88.693235,933
88.793222,1170
88.893726,1387
88.99325,1295
89.093232,1074
89.193229,1265
89.293249,1145
89.393262,1304
89.493293,1043
89.59324,999
89.693231,979
89.793258,1139
89.893246,1099
89.993246,1253
90.093254,1201
90.193251,1116
90.293218,1281
90.393231,814
90.493222,1299
90.593235,880
90.693227,1108
90.793729,1180
90.893241,1041
90.993241,1371
91.09325,1244
91.19322,1553
91.29324,1284
91.39324,1508
91.493231,1065
91.593244,1177
91.693222,1480
91.793235,1339
91.89321,1355
91.993224,1370
92.093258,1157
92.193216,1340
92.293236,1075
92.393222,1207
92.4932,1553
92.593214,1106
92.693733,1393
92.793204,1314
92.893193,1137
92.993233,1375
93.093254,1089
93.193211,1546
93.293244,1318
93.393271,1037
93.493222,1103
93.593236,1506
93.693239,1190
93.793213,1163
93.893202,1160
93.993228,1456
94.09321,1852
94.193247,1477
94.293253,1002
94.393227,1303
94.493271,1095
94.593759,1488
94.693235,1268
94.793249,1389
94.893237,1170
94.993223,1286
95.093206,1327
95.193216,1154
95.293195,1186
95.393222,1403
95.493213,1227
95.593187,1644
95.693218,1432
95.793231,1223
95.893232,1249
95.993193,1297
96.093201,1259
96.193211,1282
96.293231,1170
96.393218,1398
96.49375,1420
96.593209,1264
96.693226,1307
96.793214,1629
96.893241,1157
96.993241,1417
97.093237,1429
97.193246,1687
97.2932,1117
97.593218,1225
97.793195,1467
97.99321,1473
98.193202,1152
98.293196,1374
98.393711,1004
98.493226,1382
98.593187,1513
100.993223,1778
101.293208,1503
101.493187,1641
101.593186,1116
101.693164,1716
101.793191,1503
101.893205,1423
101.993192,1584
102.093188,1467
102.193687,1674
102.293217,1419
102.393191,1670
102.493182,1491
102.593169,1661
102.693173,1497
102.793187,1368
102.893188,1901
102.993188,1392
103.093223,1537
103.19318,1498
103.293187,1710
103.39316,1630
103.493204,1455
103.593178,1302
103.693169,1752
103.793208,1583
103.893197,1749
103.99321,1547
104.093681,1599
104.193176,1576
104.293169,1687
104.393196,1716
104.4932,1975
104.593187,1431
104.693204,1908
104.793191,1449
104.893206,1521
104.993179,1722
105.093214,1919
105.193184,1820
105.293191,1906
105.393191,1890
105.493182,1737
105.593182,1991
105.693186,1672
106.593191,1664
106.693168,1821
106.793182,1800
106.89317,1738
106.993197,1777
107.093192,2180
107.193202,1757
107.293208,1789
107.393195,1626
107.4932,1355
107.593199,1947
107.693177,1792
107.793178,1749
107.893681,2181
107.993179,1647
108.093174,1830
108.193171,1941
108.293151,1973
108.393191,2029
108.593169,1962
108.693186,1564
110.893192,1952
110.993166,2234
111.093187,1988
111.29241,2055
111.393151,1953
111.492401,2007
111.593182,2012
111.693675,1973
111.793173,2045
111.892394,1996
111.993677,2005
112.192373,2362
116.09234,2406
116.292336,2478
116.493142,2290
116.591868,1747
116.693146,996
119.791873,132
119.891887,135
119.991861,156
120.093169,110
120.193166,91
120.293178,121
120.391873,90
120.691877,87
120.791864,77
120.89186,4
120.991856,-27
121.193382,-43
121.291861,-68
121.591873,-59
121.691851,-65
122.493115,-51
122.593089,-53
122.69186,-42
122.791859,-44
122.890087,-54
122.993095,-44
123.091856,-45
123.291852,-50
123.393596,-55
123.593111,-48
123.793102,-42
123.890096,-50
123.990096,-34
124.090104,-42
124.190088,-45
124.290087,-43
124.390094,-42
124.490086,-38
124.590086,-34
124.690103,-38
124.790103,-43
124.890105,-26
124.990105,-21
125.090126,-28
125.191871,-24
125.293659,-8
125.390103,-15
125.490095,-14
125.590082,-16
125.690085,-6
125.790112,-7
125.890087,-10
125.990113,-2
126.190119,-1
126.290118,10
126.590116,4
126.690081,0
126.790095,8
126.890096,9
127.090104,12
127.190088,7
127.290087,15
127.390095,18
127.490086,13
127.590085,23
127.890104,19
127.990065,21
128.190057,18
128.290082,19
128.590055,28
128.890087,30
128.9901,30
129.390086,39
129.490116,45
129.590077,42
129.690094,42
129.790081,43
129.890083,49
129.990083,57
130.090064,57
130.190075,67
130.2901,59
130.390081,64
130.490072,68
130.590072,67
130.690089,71
130.790077,73
130.890091,73
130.993614,78
131.090113,77
131.190097,81
131.290083,84
131.39009,81
131.490068,90
131.690072,96
131.790059,100
131.890074,98
132.190053,93
132.290064,97
132.390085,104
132.49005,101
132.690094,101
132.790055,101
132.893605,100
132.990069,105
133.190075,101
133.29006,104
133.390055,103
133.490059,102
133.69009,103
133.79009,107
133.890078,100
133.990065,103
134.090047,105
134.290056,104
134.39005,102
134.690085,104
135.090082,106
135.290078,111
135.390072,107
135.490103,111
135.690081,111
135.790067,108
135.990069,110
136.090064,112
136.190074,113
136.29006,114
136.390054,113
136.490059,113
136.590072,116
136.693547,114
136.790037,115
136.890078,114
137.190044,117
137.490068,119
137.590068,118
137.690045,118
137.790059,120
137.890074,121
137.990086,118
138.090095,120
138.190079,121
138.290091,121
138.390059,119
139.290073,125
140.793595,129
140.890047,133
140.990034,130
141.090029,133
141.190039,133
141.290051,135
141.390033,136
141.490036,138
141.590076,136
141.690028,137
141.790028,137
141.890042,136
141.990056,138
142.090051,141
142.190034,140
142.290047,141
142.390041,137
142.490019,140
142.590019,142
142.692299,140
142.790023,142
142.890025,146
142.990038,143
143.090046,146
143.19007,145
143.290042,148
143.39005,148
143.490041,148
143.590028,147
143.690032,150
143.790058,149
143.89006,148
143.990033,148
144.090042,148
144.190039,149
144.290037,151
144.390032,151
144.490037,150
144.590036,152
144.690054,149
144.790041,153
144.892292,155
144.990029,150
145.090024,156
145.190035,153
145.29002,155
145.390028,155
145.490045,156
145.590032,158
145.690036,158
145.790037,158
145.890051,159
145.990038,159
146.09002,159
146.190016,158
146.290016,160
146.390023,161
146.49004,163
146.590054,163
146.690032,164
146.793542,165
146.890007,164
146.99002,165
147.090042,165
147.190012,168
147.290024,168
148.990012,177
149.090033,176
149.19003,175
149.290029,177
149.39001,177
149.490027,177
149.590014,178
149.690045,179
149.790032,180
149.890007,180
149.990007,179
150.090002,179
150.190012,179
150.290024,181
150.389992,179
150.490023,182
150.590009,179
150.690001,182
150.790014,179
150.893565,182
150.990029,181
151.090011,182
151.190008,182
151.29002,180
151.390001,181
151.490005,180
151.590018,180
151.689996,181
151.789997,181
151.890024,181
151.990024,180
152.089993,179
152.190029,180
152.290015,178
152.39001,179
152.490014,180
152.590001,179
152.690032,177
152.793528,177
152.890006,180
152.990007,178
153.090002,172
153.189999,176
153.290011,176
153.390019,175
153.490009,177
153.59001,173
153.690001,173
153.789987,173
153.889989,171
153.989976,171
154.089984,171
154.190007,170
154.289993,166
154.389974,169
154.490005,166
154.589979,167
154.693519,165
154.790009,165
154.889998,164
154.989985,165
155.090019,162
155.190003,163
155.289989,162
155.389983,160
155.490001,160
155.590014,159
155.689992,158
155.789979,157
155.889993,157
155.990006,156
156.090002,156
156.189986,156
156.289971,153
156.389992,153
156.593493,153
156.689987,151
156.789974,151
156.889989,150
156.989989,151
157.089984,148
157.189968,149
157.289993,148
157.389974,147
157.489992,148
157.589978,144
157.68997,148
157.789983,146
157.889984,146
157.989998,146
158.089967,147
158.189963,146
158.289975,147
158.38997,146
158.489987,146
158.589987,147
158.690018,147
158.789966,147
158.88998,148
158.98998,148
159.089989,149
159.189985,150
159.289984,150
159.389992,152
159.489956,152
159.589957,153
159.689974,153
159.789974,154
159.889989,154
159.989976,155
160.089957,156
160.189968,157
160.289954,158
160.389963,158
160.489954,160
160.589994,159
160.689959,161
160.789958,162
160.88996,163
160.989973,163
161.089981,164
161.189978,165
161.289964,163
161.490002,165
161.689967,166
161.789967,167
161.889982,167
161.989968,167
162.089977,167
162.189948,167
162.289973,166
162.38998,165
162.489985,166
162.589959,165
162.689949,164
162.78995,164
162.889964,162
162.989964,161
163.089986,161
163.189983,160
163.289955,158
163.389976,158
163.489967,157
163.58998,156
163.689985,156
163.789985,154
163.889959,153
163.989973,153
164.089968,152
164.189965,151
164.289964,151
164.389972,149
164.493499,148
164.589989,148
164.689993,148
164.789954,148
164.889955,148
164.989982,147
165.089964,148
165.18996,147
165.289973,148
165.389967,148
165.489958,148
165.589971,148
165.68995,149
165.789951,151
165.889953,152
165.98994,153
166.089935,153
166.189971,154
166.289957,156
166.389938,157
166.489942,158
166.589929,159
166.689947,161
166.789947,161
166.889962,163
166.989962,164
167.08997,164
167.18994,165
167.289953,166
167.389934,167
167.489938,167
167.589952,167
167.789942,166
167.889957,167
167.98993,167
168.089926,165
168.189936,165
168.289935,164
168.389942,163
168.489947,162
168.589934,162
168.689964,161
168.789965,159
168.889966,159
168.989939,157
169.089935,156
169.189945,154
169.28993,153
169.389938,152
169.489943,151
169.589942,151
169.689933,150
169.78996,148
169.889948,148
169.989948,147
170.08993,147
170.18994,147
170.289939,148
170.389934,147
170.493461,147
170.589938,149
170.689929,149
170.789956,151
170.889944,152
170.989931,153
171.089966,154
171.189949,155
171.289961,156
171.389947,158
171.489981,160
171.589919,161
171.689924,162
171.78991,164
171.889925,165
171.989942,165
172.089915,166
172.189938,167
172.289937,167
172.393442,168
172.489909,168
172.589923,168
172.689967,167
172.789914,167
172.889942,166
172.989929,165
173.089924,163
173.189934,163
173.289937,161
173.389961,160
173.489943,158
173.589935,156
173.689925,155
173.789939,153
173.889927,152
173.989927,150
174.089926,149
174.189936,148
174.293462,148
174.38992,147
174.489912,147
174.589912,146
174.689889,147
174.789916,147
174.889918,148
174.989917,149
175.089943,150
175.189914,151
175.289943,152
175.389928,153
175.489919,155
175.589919,157
175.689927,159
175.789928,160
175.889929,162
175.989916,164
176.089928,165
176.18993,166
176.28993,168
176.389925,168
176.489903,169
176.589919,169
176.689901,169
176.789902,168
176.889916,167
176.989916,167
177.089912,166
177.189934,164
177.289894,163
177.389906,161
177.489923,159
177.589923,157
177.689901,156
177.789927,154
177.889916,152
177.989916,150
178.093434,149
178.189894,148
178.289894,147
178.389901,146
178.489892,146
178.589892,146
178.68991,146
178.789896,148
178.889885,147
178.989912,149
179.08992,151
179.189903,152
179.289916,154
179.389896,155
179.489914,157
179.589892,160
179.689909,161
179.789896,164
179.889898,165
179.993434,166
180.089919,168
180.18989,169
180.289902,169
180.389909,170
180.489874,170
180.589874,169
180.689905,168
180.789879,167
180.889907,166
180.989893,164
181.089915,162
181.189899,160
181.289897,158
181.389892,156
181.489909,154
181.589909,151
181.689914,150
181.789887,148
181.889888,147
181.989889,147
182.089911,146
182.189894,145
182.289919,145
182.389887,146
182.489892,147
182.589878,148
182.689896,149
182.789923,151
182.889924,153
182.989898,156
183.08988,158
183.289888,162
183.389896,164
183.4899,166
183.5899,168
183.689892,169
183.789905,170
183.889919,170
183.989906,170
184.093451,170
184.189898,169
184.289911,168
184.389866,166
184.489883,164
184.589883,162
184.689901,159
184.789874,157
184.889862,154
184.989889,153
185.089884,151
185.189881,149
185.289893,148
185.389874,146
185.489865,146
185.589879,145
185.689856,145
185.789869,145
185.889884,146
185.993421,147
186.089906,150
186.189876,152
186.289902,154
186.389883,156
186.489887,158
186.589874,161
186.689891,164
186.789905,165
186.889893,167
186.989881,169
187.089877,169
187.189887,170
187.289872,170
187.389867,170
187.489885,169
187.589898,168
187.689889,166
187.789889,164
187.893427,162
187.98989,159
188.089899,157
188.18987,155
188.289855,152
188.389863,150
188.489854,148
188.589854,146
188.689871,145
188.789845,145
188.889873,144
188.98986,145
189.089868,145
189.189878,147
189.289903,149
189.389885,151
189.489875,153
189.589876,156
189.68988,159
189.793403,161
189.889881,164
189.989895,166
190.089864,168
190.189874,169
190.389867,170
190.489845,171
190.589898,170
190.689863,169
190.789875,167
190.889837,166
190.989864,163
191.08985,160
191.189834,158
191.289833,155
191.38984,153
191.489858,150
191.589845,147
191.693385,147
191.789862,145
191.889877,144
191.989837,143
192.089859,145
192.189842,146
192.289855,147
192.389862,148
192.48984,151
192.589867,154
192.689857,157
192.789844,160
192.889872,162
192.98986,165
193.089856,167
193.189867,169
193.289852,170
193.389846,171
193.489864,171
193.5904,171
193.689855,170
193.789868,168
193.88983,167
193.989856,164
194.089839,161
194.189836,158
194.289834,155
194.389855,153
194.489873,150
194.589846,147
194.689824,146
194.789824,144
194.889839,144
194.989839,144
195.089834,144
195.189857,146
195.28983,148
195.389838,150
195.493365,153
195.589855,155
195.689846,159
195.78986,161
195.889861,165
195.989848,167
196.089843,169
196.18984,171
196.289839,172
196.389873,172
196.48985,172
196.589824,171
196.689855,166
196.789868,168
196.889843,165
196.98987,162
197.089838,158
197.189835,156
197.289821,153
197.389828,150
197.489833,147
197.589833,146
197.689838,145
197.789837,145
197.889812,144
197.989852,145
198.08986,146
198.189844,148
198.28983,151
198.389812,154
198.48983,157
198.589831,160
198.689821,164
198.789808,167
198.889836,169
198.989823,171
199.089845,172
199.189815,172
199.289814,173
199.389835,172
199.489853,170
199.589853,168
199.68983,166
199.789817,162
199.889859,159
199.989819,156
200.089827,152
200.189824,149
200.289823,147
200.389817,145
200.489809,144
200.589821,144
200.689813,144
200.789813,145
200.889854,147
200.989814,149
201.089823,152
201.189819,155
201.289818,164
201.389813,160
201.489831,165
201.589817,168
201.689835,170
201.789822,172
201.889823,173
201.989836,173
202.089832,172
202.189828,171
202.28984,170
202.389835,167
202.489812,163
202.589813,160
202.689817,156
202.78983,153
202.889818,150
202.989806,147
203.089827,145
203.189797,144
203.289796,143
203.389804,144
203.489821,144
203.589822,146
203.6898,149
203.789799,152
203.889814,155
203.989814,158
204.089809,162
204.189793,165
204.289792,168
204.389799,171
204.489791,172
204.589817,174
204.689821,173
204.789795,173
204.889797,171
204.989823,168
205.089831,165
205.189815,162
205.289801,159
205.389812,155
205.489803,152
205.589817,149
205.689794,146
205.789795,144
205.889796,143
205.989809,143
206.089804,142
206.189788,145
206.2898,147
206.389795,151
206.489773,152
206.589799,157
206.68979,161
206.789803,164
206.889804,168
206.989792,171
207.0898,173
207.19336,174
207.289796,172
207.389777,173
207.489795,171
207.589781,169
207.689799,166
207.789812,163
207.8898,158
207.989761,155
208.089783,151
208.189792,148
208.289791,145
208.389786,144
208.48979,143
208.58979,143
208.689821,143
208.789794,146
208.889783,148
208.989783,151
209.089778,155
209.189789,159
209.289776,162
209.389784,166
209.489814,169
209.589788,172
209.689805,173
209.789792,174
209.889807,174
209.98978,172
210.089788,170
210.189812,167
210.289798,164
210.389765,160
210.489783,156
210.58977,152
210.689787,149
210.789787,146
210.889763,143
210.993312,142
211.089784,143
211.189781,143
211.289767,145
211.389787,147
211.489779,150
211.689783,158
211.789783,162
211.889771,166
211.989771,169
212.089767,172
212.189777,174
212.289802,174
212.389773,174
212.489774,173
212.589761,171
212.689778,168
212.789766,164
212.893316,160
212.98978,156
213.089762,152
213.189772,148
213.289784,145
213.389771,143
213.489783,142
213.58977,142
213.689787,143
213.889789,147
213.989762,151
214.089758,155
214.189767,159
214.289793,164
214.389754,167
214.489752,170
214.589752,173
214.68977,174
214.793319,174
214.889797,174
214.989771,172
215.08978,169
215.189763,166
215.289789,162
215.389763,158
215.489734,154
215.589761,149
215.689752,146
215.789739,144
215.889767,142
215.989754,142
216.089762,142
216.189798,144
216.289771,147
216.389731,151
216.489756,154
216.589757,158
216.690534,163
216.789761,167
216.889762,170
216.989749,173
217.089757,174
217.189754,175
217.289767,174
217.389753,172
217.489792,170
217.589766,167
217.689769,162
217.789756,158
217.889758,153
217.989758,150
218.089753,146
218.189763,144
218.289735,142
218.389736,142
218.489761,142
218.589761,143
218.689765,147
218.789779,150
218.889767,155
218.989753,159
219.089762,163
219.189772,167
219.289744,171
219.389731,173
219.489757,175
219.589756,175
219.689747,174
219.789774,172
219.889762,169
219.989762,165
220.089758,161
220.189741,157
220.289727,151
220.38974,148
220.489752,145
220.589739,143
220.689756,141
220.789743,141
220.889744,143
220.989745,145
221.089753,148
221.189736,152
221.289749,156
221.389749,161
221.489747,165
221.589734,169
221.689739,172
221.789738,174
221.88974,175
221.989754,175
222.089748,173
222.189745,170
222.289758,167
222.389744,163
222.489756,158
222.589756,153
222.689748,149
222.789734,145
222.889722,143
222.98971,141
223.089717,141
223.189715,142
223.289727,144
223.389727,147
223.489712,151
223.589726,156
223.689729,160
223.78973,165
223.889745,169
223.989731,172
224.089726,173
224.18971,176
224.289722,175
224.389709,173
224.489734,170
224.589708,167
224.689738,163
224.789725,158
224.889714,153
224.989727,149
225.089735,145
225.189719,142
225.289704,141
225.389705,141
225.48973,142
225.589743,144
225.689721,147
225.789734,151
225.889735,156
225.989709,161
226.089704,166
226.189701,170
226.289713,173
226.389727,175
226.489739,176
226.589699,175
226.689703,173
226.789717,170
226.889731,166
226.989718,161
227.08974,156
227.189723,151
227.289735,147
227.389722,143
227.489694,141
227.589721,140
227.689738,140
227.789712,142
227.889713,145
227.989687,148
228.089708,153
228.189705,158
228.289718,162
228.389731,167
228.489716,171
228.58969,173
228.689734,175
228.789721,176
228.889696,174
228.989722,171
229.089717,168
229.189688,163
229.289713,158
229.389673,153
229.489699,149
229.589712,145
229.689703,142
229.789703,140
229.889691,140
229.989691,141
230.089713,144
230.18971,147
230.289709,151
230.389695,156
230.489694,161
230.589708,166
230.689686,170
230.789701,173
230.889702,175
230.989702,175
231.089711,174
231.189694,172
231.289719,168
231.389706,163
231.489718,159
231.589705,154
231.689683,149
231.789696,145
231.88971,142
231.989698,141
232.089693,140
232.18969,141
232.289688,143
232.389702,147
232.489674,151
232.589687,156
232.689705,161
232.789705,166
232.889706,170
232.98968,173
233.089689,175
233.189685,175
233.289671,174
233.389711,172
233.489696,168
233.589696,164
233.689701,159
233.789687,154
233.889689,149
233.989689,145
234.089671,141
234.189667,140
234.28968,139
234.389667,141
234.489678,143
234.589679,147
234.689683,151
234.789709,156
234.889684,162
234.989698,166
235.089692,170
235.189676,173
235.289715,175
235.389715,176
235.489714,175
235.589687,171
235.689704,168
235.789678,163
235.88968,157
235.98968,152
236.089675,147
236.189685,143
236.289671,141
236.389671,140
236.489683,139
236.58967,141
236.689687,144
236.789674,149
236.889676,154
236.989662,159
237.089671,163
237.189668,168
237.289666,172
237.38968,175
237.489665,176
237.589691,175
237.689656,173
237.789656,170
237.889671,166
237.989671,160
238.089653,155
238.18965,150
238.289675,145
238.389662,142
238.489648,140
238.589647,139
238.689678,140
238.789665,143
238.889666,147
238.989653,151
239.089675,156
239.189672,161
239.289684,166
239.389658,171
239.489656,174
239.589669,176
239.689634,176
239.789648,175
239.889662,171
239.989662,166
240.089671,162
240.189654,156
240.289653,151
240.389667,146
240.489678,143
240.589665,140
240.689643,140
240.789643,140
240.889644,142
240.989658,145
241.089666,150
241.189663,155
241.289636,161
241.389675,166
241.489674,171
241.589649,174
241.689641,176
241.78968,176
241.889655,175
241.989669,172
242.089637,168
242.189647,162
242.289633,157
242.389633,152
242.489632,147
242.589645,143
242.689649,140
242.789649,139
242.889651,140
242.989664,141
243.089686,145
243.18963,149
243.289681,155
243.389628,160
243.489654,166
243.589641,170
243.689658,174
243.789632,176
243.889646,175
243.989646,176
244.089628,171
244.189625,168
244.289624,162
244.389664,157
244.489636,149
244.589609,146
244.689653,142
244.789627,140
244.889628,139
244.989615,140
245.08965,142
245.1897,146
245.289619,151
245.389633,156
245.489645,162
245.589645,167
245.689662,171
245.789636,174
245.889637,176
245.989624,176
246.089606,175
246.189616,171
246.289642,166
246.389629,161
246.489614,156
246.589627,150
246.689618,145
246.789618,142
246.889606,139
246.98962,139
247.089628,140
247.189638,142
247.289637,147
247.389638,152
247.489622,158
247.589623,163
247.689627,168
247.789627,173
247.889655,176
247.989642,177
248.08965,176
248.189634,174
248.289646,170
248.389633,164
248.489618,159
248.589618,153
248.689649,148
248.789623,143
248.889598,140
248.98965,139
249.089646,139
249.189629,140
249.289615,145
249.389628,149
249.489653,155
249.589627,160
249.689605,166
249.789631,171
249.889646,174
249.989606,176
250.089615,177
250.189638,175
250.289637,172
250.389624,167
250.489623,161
250.589636,156
250.689614,150
250.78964,145
250.889615,141
250.989589,139
251.08961,138
251.193117,140
251.289619,143
251.389606,147
251.489618,152
251.589618,159
251.689609,164
251.78961,169
251.88961,173
251.989611,176
252.089619,176
252.189589,176
252.289615,173
252.389602,169
252.4896,163
252.589614,158
252.689631,152
252.789605,145
252.889606,142
252.989606,139
253.093111,139
253.189625,139
253.289624,142
253.389624,146
253.489609,151
253.589609,157
253.689601,163
253.789587,168
253.889615,173
253.989629,176
254.089597,177
254.189594,176
254.289619,173
254.389593,170
254.489605,164
254.589605,159
254.689582,153
254.789583,147
254.889597,142
254.993121,139
255.089592,138
255.18959,138
255.389615,145
255.489587,150
255.689604,162
255.789605,167
255.889606,172
255.98958,175
256.089575,177
256.189585,176
256.28957,174
256.389597,170
256.48957,165
256.589596,159
256.689587,152
256.789574,147
256.893125,143
256.989562,139
257.089584,137
257.189581,138
257.289593,141
257.38958,144
257.489592,150
257.589565,154
257.689569,162
257.78957,168
257.889571,173
257.989585,176
258.089568,177
258.189591,177
258.28959,174
258.389577,170
258.489589,165
258.589602,158
258.689593,152
258.793077,147
258.889555,142
258.989568,138
259.089577,138
259.189547,139
259.289586,141
259.389573,146
259.489571,150
259.589558,157
259.689576,163
259.789575,169
259.889577,173
259.989551,177
260.189569,176
260.289568,173
260.389581,169
260.489553,163
260.58958,157
260.693094,151
260.789571,146
260.889573,141
260.989573,138
261.089568,138
261.189565,139
261.289564,142
261.389577,147
261.489562,152
261.589563,159
261.689566,165
261.78954,170
261.889568,174
261.989555,177
262.089577,177
262.189547,177
262.289585,173
262.389559,167
262.489571,161
262.593081,155
262.689549,152
262.789562,144
262.889538,140
262.98955,138
263.089586,138
263.189569,139
263.289568,144
263.389555,148
263.489567,154
263.58958,161
263.689546,167
263.78956,172
263.889561,175
263.989535,177
264.089557,177
264.189527,175
264.289552,170
264.389539,165
264.491145,159
264.589551,152
264.689529,147
264.789543,142
264.889543,139
264.989557,137
265.089539,138
265.189562,144
265.289561,145
265.389548,151
265.48956,158
265.589573,164
265.689551,169
265.789551,174
265.889539,176
266.089574,176
266.189558,173
266.289557,166
266.390658,162
266.489542,156
266.68956,144
266.78956,140
266.889522,138
266.989535,138
267.189514,143
267.289513,148
267.389565,155
267.589538,167
267.689529,172
267.789529,176
267.889557,177
267.98953,177
268.089525,174
268.189536,170
268.290662,165
268.389508,158
268.48952,151
268.589547,147
268.689551,141
268.789498,138
268.889526,137
268.989513,138
269.089534,142
269.189545,147
269.289503,152
269.489529,166
269.589515,171
273.589498,177
273.689528,178
273.889517,173
273.989503,168
274.290622,149
274.389508,143
274.689511,138
274.789524,140
274.889513,144
274.989499,150
275.189492,163
275.289503,169
275.38949,174
275.489502,177
275.589515,177
275.689493,176
275.789493,173
275.889508,168
276.190628,148
276.289512,144
276.389512,139
276.489485,137
276.689515,140
276.789489,144
276.989477,157
277.189482,169
277.289508,174
277.489493,178
277.58948,177
277.889486,162
278.189478,143
278.289503,139
278.38949,137
278.489475,137
278.689493,144
278.889495,157
278.989508,164
279.189473,175
279.289473,177
279.589498,173
279.990237,148
280.089485,142
280.189509,138
280.289468,137
280.589493,145
282.089463,137
