T,gyro_5f_wx[dps]
-19.919977,0.0
-19.82003,0.0
-19.72004,0.0
-19.620052,0.0
-19.519936,0.0
-19.41998,0.0
-19.31981,0.0
-19.220091,0.0
-19.120061,0.0
-19.020085,0.0
-18.920101,0.0
-18.82005,0.0
-18.720044,0.0
-18.620047,0.0
-18.520077,0.0
-18.420002,0.0
-18.319987,0.0
-18.219957,0.0
-18.119954,0.0
-18.019956,0.0
-17.919998,0.0
-17.820045,0.0
-17.719973,0.0
-17.620056,0.0
-17.52005,0.0
-17.419928,0.0
-17.319979,0.0
-17.220034,0.0
-17.120096,0.0
-17.020119,0.0
-16.920098,0.0
-16.819862,0.0
-16.720061,0.0
-16.620055,0.0
-16.520063,0.0
-16.420102,0.0
-16.320113,0.0
-16.219917,0.0
-16.120013,0.0
-16.019918,0.0
-15.919842,0.0
-15.820082,0.0
-15.71991,0.0
-15.620063,0.0
-15.520075,0.0
-15.420088,0.0
-15.320006,0.0
-15.220037,0.0
-15.120081,0.0
-15.019938,0.0
-14.919961,0.0
-14.820048,0.0
-14.719932,0.0
-14.620008,0.0
-14.51985,0.0
-14.419965,0.0
-14.320019,0.0
-14.220047,0.0
-14.120055,0.0
-14.019933,0.0
-13.920086,0.0
-13.82011,0.0
-13.720086,0.0
-13.619993,0.0
-13.52008,0.0
-13.420074,0.0
-13.319971,0.0
-13.220021,0.0
-13.120124,0.0
-13.02011,0.0
-12.919781,0.0
-12.819995,0.0
-12.719927,0.0
-12.620091,0.0
-12.520085,0.0
-12.420079,0.0
-12.32008,0.0
-12.219892,0.0
-12.120037,0.0
-12.019973,0.0
-11.919821,0.0
-11.820088,0.0
-11.719809,0.0
-11.62009,0.0
-11.520089,0.0
-11.420083,0.0
-11.320107,0.0
-11.219942,0.0
-11.120105,0.0
-11.020054,0.0
-10.919867,0.0
-10.819914,0.0
-10.719996,0.0
-10.620094,0.0
-10.520097,0.0
-10.420096,0.0
-10.320032,0.0
-10.219977,0.0
-10.119915,0.0
-10.019992,0.0
-9.920078,0.0
-9.820031,0.0
-9.719968,0.0
-9.620106,0.0
-9.520101,0.0
-9.420108,0.0
-9.320118,0.0
-9.220047,0.0
-9.120104,0.0
-9.020062,0.0
-8.919856,0.0
-8.82003,0.0
-8.720103,0.0
-8.62011,0.0
-8.520065,0.0
-8.420121,0.0
-8.320115,0.0
-8.220038,0.0
-8.119818,0.0
-8.019781,0.0
-7.920065,0.0
-7.819904,0.0
-7.719769,0.0
-7.619926,0.0
-7.520113,0.0
-7.420116,0.0
-7.320124,0.0
-7.220097,0.0
-7.119775,0.0
-7.019985,0.0
-6.920104,0.0
-6.82004,0.0
-6.720092,0.0
-6.619971,0.0
-6.520134,0.0
-6.420124,0.0
-6.320132,0.0
-6.219911,0.0
-6.120028,0.0
-6.019926,0.0
-5.920012,0.0
-5.819901,0.0
-5.719808,0.0
-5.619918,0.0
-5.520134,-0.1
-5.420137,0.0
-5.320131,0.0
-5.220094,0.0
-5.120044,0.0
-5.02007,0.0
-4.920111,0.0
-4.819951,0.0
-4.719849,0.0
-4.619881,0.0
-4.520133,0.0
-4.42007,0.0
-4.320131,0.0
-4.219973,0.0
-4.12005,0.0
-4.020052,0.0
-3.91997,0.0
-3.81999,0.0
-3.720077,0.0
-3.620089,0.0
-3.52015,0.0
-3.420136,0.0
-3.320143,0.0
-3.220138,0.0
-3.120049,0.0
-3.019932,0.0
-2.919938,0.1
-2.819838,0.1
-2.720035,0.0
-2.61997,0.0
-2.51996,0.0
-2.420153,0.0
-2.320147,0.0
-2.220146,0.0
-2.120032,0.0
-2.020035,0.0
-1.91994,0.0
-1.819936,0.0
-1.719948,0.0
-1.619844,0.0
-1.519998,0.0
-1.420157,0.0
-1.320164,0.0
-1.220159,0.0
-1.120067,0.0
-1.019922,0.0
-0.919977,0.0
-0.820003,0.0
-0.720033,0.0
-0.619938,0.0
-0.519924,0.0
-0.42005,0.1
-0.320163,0.1
-0.220171,-0.1
-0.120138,0.0
-0.019972,0.0
0.080152,0.0
0.180041,0.0
0.280064,0.0
0.379947,0.0
0.479882,0.0
0.579836,0.0
0.679833,-3.0
0.77997,-1.4
0.879886,0.2
0.980098,-1.3
1.080101,1.5
1.180023,-1.1
1.28004,-0.2
1.379932,-1.3
1.479949,-1.4
1.580053,-1.1
1.680058,-1.5
1.780046,-0.6
1.880041,-0.9
1.980068,-0.3
2.080051,-2.0
2.180118,-2.2
2.280056,-1.6
2.380067,-1.6
2.479995,-3.4
2.579929,-1.8
2.680039,-2.2
2.78004,-1.5
2.880035,-1.0
2.980045,-0.5
3.079881,1.1
3.179869,0.6
3.280172,1.1
3.380051,1.6
3.480093,1.4
3.580029,1.9
3.679872,1.9
3.780041,2.2
3.880032,2.0
3.980203,1.9
4.080145,0.9
4.17998,1.7
4.280208,0.7
4.379964,0.6
4.479927,0.4
4.580137,0.7
4.67993,0.0
4.780042,-0.1
4.880023,0.4
4.980029,-0.2
5.079989,-0.7
5.179889,0.2
5.279919,-0.7
5.379896,-0.2
5.479898,0.3
5.580173,-0.1
6.080142,0.4
6.179912,0.9
6.279981,0.5
6.379891,0.8
6.479973,-0.1
6.580116,0.9
6.679973,0.6
6.780015,1.8
6.880014,0.8
6.980007,0.6
7.080155,1.7
7.179977,1.3
7.279904,0.9
7.379876,0.3
7.480107,0.6
7.580081,1.1
7.980003,-0.2
8.080006,0.7
8.180047,0.4
8.279905,0.7
8.380142,0.5
8.479936,0.4
8.579951,1.1
8.679926,0.1
8.780008,0.3
8.879998,0.9
8.980003,0.4
9.079994,0.5
9.179906,0.2
9.279882,0.9
9.479953,0.5
9.579968,-0.2
9.679893,0.5
9.780081,0.3
9.880016,0.6
9.979986,0.7
10.07999,0.4
10.179956,0.4
10.28006,0.4
10.37989,0.4
10.679893,0.5
10.879977,1.3
10.979983,0.7
11.080003,0.7
11.180022,0.3
11.279886,0.4
11.379955,1.2
11.479904,0.0
11.579972,0.7
11.680054,1.1
11.780094,0.0
11.879978,-0.3
11.979979,0.7
12.079982,0.3
12.17998,0.0
12.279944,1.0
12.38,0.3
12.480113,0.4
12.580049,0.4
12.679879,0.4
12.780067,0.9
12.879925,0.5
12.97997,0.4
13.079978,0.3
13.179968,0.3
13.28009,0.0
13.379922,1.4
13.479898,0.4
13.580073,0.1
13.679911,0.7
13.780137,0.3
13.87999,0.4
13.979972,0.3
14.079962,0.4
14.179961,1.1
14.280109,0.8
14.380121,0.2
14.479943,0.5
14.57992,0.7
14.680182,0.9
14.779888,0.6
14.879923,1.9
14.979973,0.0
15.08002,0.7
15.179957,0.8
15.280043,0.1
15.37998,0.7
15.480216,0.0
15.579945,0.2
15.67996,0.6
15.780086,0.6
15.879935,0.5
16.07995,0.5
16.179949,0.6
16.280222,0.1
16.38002,1.3
16.48001,0.5
16.579934,0.6
16.680139,1.5
16.78002,0.7
16.880083,0.5
16.979952,0.5
17.079969,0.6
17.179976,0.6
17.279933,0.5
17.379941,0.0
17.480179,1.4
17.680011,0.4
17.780021,-0.3
17.880198,0.5
17.98025,0.0
18.079945,0.0
18.179944,0.0
18.279989,0.1
18.380031,-0.2
18.479935,0.6
18.580003,0.4
18.680014,0.3
18.780033,1.1
18.879936,0.3
18.980057,0.9
19.079931,0.7
19.17993,0.6
19.279936,0.7
19.380099,1.2
19.480106,0.9
19.580073,0.0
19.680146,1.0
19.779981,0.1
19.880065,0.4
19.979986,0.9
20.079932,0.6
20.179922,0.6
20.279919,0.0
20.380038,1.0
20.580063,0.0
20.679921,0.0
20.779897,0.1
20.879918,0.0
20.979921,-0.1
21.079933,0.1
21.180077,-0.5
21.280074,0.3
21.380002,0.2
21.480092,-0.3
21.580116,0.4
21.680136,0.3
21.779927,-0.4
21.880226,-0.3
21.980052,-0.5
22.07992,-0.5
22.179923,-0.7
22.279911,-0.3
22.379912,0.2
22.479955,0.0
22.580037,0.0
22.680062,0.8
22.780126,-0.1
22.880125,0.7
22.979941,0.1
23.080032,0.4
23.179902,0.4
23.279903,0.7
23.379904,0.3
23.480221,0.4
23.580177,-0.1
23.680041,0.6
23.780042,-0.3
23.879982,0.4
23.980043,0.0
24.080094,-0.3
24.179906,-0.1
24.279934,0.0
24.379913,-0.9
24.480098,-0.1
24.580014,-0.1
24.680002,0.0
24.779959,-0.1
24.879927,0.3
24.980003,-0.2
25.080084,0.0
25.179894,0.2
25.279895,-0.2
25.379901,-1.4
25.480107,-0.4
25.580064,0.5
25.67998,-0.2
25.780008,0.6
25.880275,-0.4
25.980205,-0.4
26.080026,-0.5
26.279891,1.1
26.379897,-0.1
26.479893,-0.8
26.580249,0.4
26.679918,-0.2
26.780196,-0.1
26.880029,-0.4
26.980003,-0.4
27.080022,-0.1
27.179928,-0.4
27.279878,-0.8
27.379884,-0.4
27.479885,-0.2
27.580067,-0.6
27.680259,-0.3
27.780072,-0.4
27.87989,0.4
27.98019,0.1
28.079918,-0.2
28.17993,-0.6
28.279878,0.4
28.379879,0.0
28.479871,-0.3
28.579877,0.0
28.680232,0.4
28.779926,1.3
28.879974,-0.1
28.980037,-0.2
29.079929,0.6
29.179886,0.2
29.280033,0.0
29.379866,0.8
29.479863,-0.2
29.579877,-0.4
29.679947,0.1
29.780092,-0.6
29.880032,-0.8
29.979901,-0.3
30.080005,-0.5
30.180076,-1.0
30.279958,-0.4
30.380157,-0.4
30.480158,-0.8
30.580168,-0.4
30.680176,0.7
30.780022,0.0
30.880174,-0.5
30.980043,-0.1
31.080136,0.0
31.179894,0.0
31.279922,0.0
31.380165,-0.1
31.480153,0.2
31.580158,0.0
31.680054,0.1
31.780005,-0.1
31.88005,0.1
31.980013,-0.2
32.079932,-0.6
32.180234,-0.3
32.280083,0.6
32.380161,0.0
32.480153,-0.3
32.580154,0.0
32.680098,0.3
32.780061,0.2
32.879872,0.4
32.980034,0.0
33.07998,0.0
33.180054,-0.1
33.279922,0.2
33.380148,0.1
33.480149,0.0
33.58015,0.7
33.680143,0.8
33.780188,0.3
33.880031,-0.3
33.980099,-0.1
34.080019,0.0
34.17992,0.2
34.280028,-0.3
34.380043,-0.6
34.480141,-0.7
34.580143,-0.5
34.68013,-0.6
34.780052,-0.5
34.879911,-0.5
34.979987,0.1
35.080008,0.0
35.180086,0.0
35.280091,0.3
35.379982,-0.2
35.480124,0.4
35.58013,0.5
35.680131,-0.1
35.780188,0.6
35.879913,0.2
35.980147,0.3
36.080046,0.0
36.17993,0.2
36.280064,0.3
36.380214,0.4
36.480129,0.0
36.580135,-0.6
36.680127,-0.5
36.78004,-0.7
36.880048,-0.7
36.980086,-0.6
37.080032,-0.8
37.180052,-0.1
37.280089,0.2
37.379948,-0.4
37.480119,0.2
37.580125,-0.4
37.680117,0.0
37.780119,0.0
37.879949,0.0
37.979938,1.1
38.079898,-0.3
38.180028,-0.3
38.280169,0.4
38.379929,0.0
38.479984,-0.2
38.580112,-0.5
38.680118,0.1
38.780124,0.0
38.880057,-0.4
38.980024,0.3
39.07993,-0.1
39.180044,0.0
39.280067,0.0
39.380038,0.2
39.48007,0.6
39.580117,0.0
39.680114,0.1
39.780115,0.4
39.879966,-0.2
39.979986,-0.4
40.079931,0.7
40.179944,0.4
40.280039,0.0
40.380054,-0.4
40.480018,0.1
40.580103,0.1
40.680104,0.2
40.780101,-0.9
40.880153,-0.2
40.979955,0.0
41.080106,-0.5
41.179992,0.0
41.28006,-0.2
41.380022,0.0
41.479979,0.0
41.580095,-0.4
41.680096,-0.3
41.780097,0.1
41.879903,0.1
41.979926,0.4
42.080104,0.1
42.180125,-0.2
42.279926,0.0
42.380127,0.3
42.480103,0.0
42.580082,-0.7
42.680088,0.0
42.780089,0.5
42.880084,0.0
42.980013,-0.2
43.079914,0.3
43.180041,0.5
43.280011,0.2
43.380061,0.1
43.479942,0.1
43.57993,0.3
43.680093,0.0
43.780081,-0.2
43.880076,0.0
43.980035,-0.4
44.08022,-0.5
44.180152,0.3
44.280123,0.0
44.380146,0.0
44.480173,-0.5
44.579986,-0.3
44.680089,-0.2
44.780073,0.3
44.880134,-0.1
44.980104,-0.2
45.080146,-0.5
45.180117,-0.4
45.279979,-0.3
45.379994,0.0
45.480016,0.2
45.580005,-0.3
45.680067,-0.6
45.780064,0.0
45.880077,0.1
45.979921,0.3
46.079969,0.4
46.180003,-0.1
46.27998,-0.1
46.379902,0.4
46.479939,0.0
46.579941,0.4
46.680064,0.0
46.780069,-0.5
46.880069,-0.5
46.980091,0.0
47.079992,0.6
47.180083,0.3
47.280115,0.1
47.38004,0.3
47.479997,-0.2
47.580067,-0.4
47.680056,0.2
47.780057,0.2
47.880065,0.3
47.980057,0.3
48.080099,0.7
48.180153,0.5
48.280048,1.1
48.380003,0.5
48.480087,0.2
48.58,-0.5
48.680107,-0.2
48.780053,-0.1
48.880057,-0.2
48.980058,0.0
49.079959,0.1
49.180229,0.0
49.280218,-0.1
49.380062,0.0
49.480077,0.2
49.580008,-0.1
49.680006,0.2
49.780049,0.6
49.879948,0.6
49.980107,0.2
50.080093,0.0
50.18012,0.2
50.280078,0.3
50.380195,0.9
50.479954,0.5
50.580092,0.2
50.680103,0.4
50.780042,0.4
50.880037,-0.1
50.980038,-0.1
51.080127,-0.2
51.180228,-0.5
51.280132,0.0
51.380199,-0.1
51.480121,-0.2
51.580136,0.0
51.679996,-0.3
51.780043,-0.5
51.880029,-0.5
51.98003,0.4
52.080029,0.0
52.179931,0.4
52.280105,0.6
52.480149,0.8
52.580053,0.6
52.679952,0.3
52.779976,0.1
52.980035,0.1
53.080029,0.3
53.27998,0.3
53.680137,0.2
55.080008,0.2
55.180012,0.0
55.279983,-0.1
55.380111,0.1
55.480086,0.0
55.580063,0.0
55.68006,-0.2
55.780103,0.6
55.879958,0.1
55.98001,0.0
56.080009,0.5
56.179999,0.1
56.280094,0.1
56.380039,0.3
56.480121,0.1
56.579922,0.1
56.679937,0.5
56.780044,0.2
56.880184,-0.4
56.980992,0.2
57.080001,-0.3
57.179995,-0.6
57.280175,-0.1
57.380059,-0.1
57.480066,0.1
57.580139,0.0
57.6801,-3.4
57.780036,-0.1
57.880087,0.0
57.980992,-0.2
58.079997,0.2
58.18,0.4
58.280235,1.3
58.380165,0.7
58.480142,-0.6
58.580158,-0.5
58.680981,-0.5
58.780028,0.0
58.879953,-0.7
58.979993,-0.6
59.079987,0.9
59.17999,-0.2
59.280104,0.1
59.380107,-0.6
59.480034,-0.1
59.579921,0.6
59.680981,0.4
59.780075,0.1
59.879952,-0.1
59.979985,-0.4
60.079983,-0.2
60.179987,0.6
60.279979,-0.2
60.380119,0.0
60.480026,0.1
60.579996,0.4
60.679993,-0.4
60.779919,0.3
60.880096,-0.1
60.980083,-0.5
61.07998,0.1
61.17997,0.1
61.279975,0.0
61.380076,-0.2
61.480081,0.1
61.580074,0.1
61.680015,0.2
61.780025,1.1
61.88005,1.3
61.980092,0.5
62.079967,-0.8
62.17997,0.0
62.279971,-3.2
62.3801,-0.5
62.479971,-0.3
62.579965,0.0
62.680059,0.1
62.780083,0.1
62.880063,0.3
62.980967,0.7
63.080951,0.4
63.17996,0.3
63.279953,0.5
63.379954,0.2
63.479961,-0.2
63.580021,0.6
63.680045,-0.8
63.779977,-0.6
63.880034,0.0
63.980115,-0.4
64.080087,-0.4
64.179961,0.0
64.279958,-0.4
64.37995,-0.5
64.480039,-0.3
64.580072,-2.0
64.680074,-0.3
64.780964,-0.9
64.880107,2.4
64.980121,0.4
65.080076,0.2
65.179957,0.5
65.279945,0.8
65.37995,0.9
65.480144,-0.5
65.580976,-0.6
65.680961,-0.6
65.78099,-0.8
65.880106,-0.9
65.980062,0.1
66.080127,0.4
66.179944,0.5
66.279937,0.6
66.379938,-0.4
66.480072,2.1
66.580024,0.1
66.680009,-0.8
66.780086,0.0
66.880812,-0.7
66.980008,-0.8
67.080068,-0.5
67.17994,-1.1
67.279937,1.3
67.379943,-0.1
67.479977,0.0
67.579955,-0.2
67.680929,1.1
67.780972,-0.3
67.880035,0.9
67.980085,0.5
68.080095,1.7
68.179928,0.0
68.379926,0.8
68.480044,0.9
68.58004,0.2
68.679964,-0.6
68.780059,-1.5
68.880015,-0.7
68.980953,-0.1
69.080085,0.9
69.180101,-1.1
69.279925,-1.0
69.379926,-0.7
69.479923,-0.5
69.580099,-0.3
69.680085,0.6
69.780021,0.5
69.880031,-0.2
69.98002,-0.3
70.080078,-1.4
70.180107,-0.1
70.280902,-1.1
70.380908,0.7
70.480778,-1.0
70.580977,1.8
70.680058,0.0
70.780056,-0.6
70.880972,-0.4
70.980116,-0.2
71.080004,0.4
71.180903,0.0
71.280894,0.1
71.380908,0.1
71.480888,1.8
71.581032,1.6
71.680074,0.0
71.780952,-0.4
71.880957,2.1
71.980018,0.1
72.080096,0.1
72.180919,0.6
72.280895,0.0
72.380882,-1.4
72.480901,-1.9
72.58091,0.1
72.679977,1.7
72.779985,-0.1
72.880922,0.3
72.980005,0.3
73.080096,0.2
73.180036,1.0
73.280882,1.0
73.380883,0.0
73.480902,0.0
73.579982,1.3
73.680057,0.2
73.780979,0.0
73.880896,4.7
73.98009,0.1
74.080802,0.2
74.180808,0.4
74.280025,-1.3
74.380869,-0.6
74.480874,-0.9
74.580915,0.2
74.680995,0.1
74.780927,-0.1
74.88079,0.0
74.980994,-0.2
75.080966,-0.3
75.180881,1.5
75.280086,1.4
75.380872,0.3
75.480891,-0.3
75.580879,-0.8
75.680015,0.6
75.780974,-0.8
75.88093,-0.6
75.980087,-0.2
76.080054,-0.4
76.180896,0.2
76.280817,2.0
76.380742,1.5
76.480761,-0.7
76.58087,-1.2
76.680038,-0.1
76.780271,0.9
76.880008,1.3
76.980938,-0.3
77.080958,-2.2
77.180969,-0.5
77.280733,0.6
77.380856,-1.2
77.480861,-0.3
77.580849,1.2
77.680864,-0.3
77.780042,-0.1
77.880052,1.8
77.980925,0.5
78.08005,0.0
78.180967,-0.3
78.280938,0.0
78.380776,0.8
78.480857,-0.1
78.580837,-0.1
78.680855,-0.2
78.780017,0.0
78.880861,0.7
78.980007,0.1
79.080881,-0.5
79.180789,-0.5
79.280961,-0.2
79.380935,-0.8
79.480719,-0.8
79.580846,-0.1
79.680847,0.2
79.780906,-0.6
79.880931,0.3
79.980882,0.3
80.080041,0.6
80.180797,-0.3
80.280998,-1.1
80.380956,-0.8
80.48085,-0.6
80.580838,-0.8
80.680839,1.8
80.780181,3.0
80.88098,0.7
80.980917,0.6
81.080983,-1.3
81.180969,0.0
81.280984,0.3
81.380838,-0.6
81.480842,-0.5
81.580843,-1.2
81.680835,-0.7
81.780832,-1.0
81.880912,0.0
81.980936,-0.3
82.080905,-0.4
82.180898,-0.8
82.280861,1.3
82.380888,-1.0
82.480943,-2.0
82.580842,-0.8
82.68083,0.5
82.780835,-0.9
82.880021,-2.2
82.981002,-1.4
83.080931,-0.5
83.180997,-0.9
83.280758,-0.1
83.380845,-1.4
83.480035,0.5
83.580703,0.7
83.680813,-0.5
83.780937,-0.5
83.880989,-0.4
83.980788,-0.3
84.080927,-0.8
84.180873,-0.9
84.280822,-0.5
84.380902,-0.7
84.480988,0.0
84.580816,0.2
84.680822,2.8
84.780911,-1.8
84.880192,-0.4
84.980874,-0.1
85.080003,-1.0
85.180837,0.2
85.280848,3.7
85.380916,-0.5
85.48002,-0.3
86.180798,-1.7
86.28083,0.3
86.380687,-0.3
86.480935,0.6
86.580977,-0.7
86.680675,-0.9
86.780815,0.1
86.880676,-1.5
86.980896,0.0
87.080878,-0.6
87.180944,-1.1
87.280688,-0.9
87.380778,-0.9
87.480805,-1.4
87.580934,-0.8
87.680671,-0.7
87.780729,0.9
87.880672,-0.4
87.980938,0.5
88.080863,-0.8
88.180858,2.5
88.280936,1.1
88.380951,-0.8
88.480821,-0.6
88.58067,0.2
88.680729,0.1
88.780668,-0.2
88.880663,0.1
88.980271,-0.8
89.08093,-0.3
89.180786,1.7
89.280744,-0.2
89.380925,-0.3
89.480908,-0.2
89.580712,0.0
89.680649,0.4
89.780641,0.6
89.880654,1.5
89.980668,-0.1
90.080675,0.0
90.18079,0.1
90.280691,-0.7
90.380969,-0.3
90.480931,0.0
90.58084,0.9
90.680645,-1.7
90.780721,-2.4
90.880641,-2.4
90.980651,-1.2
91.080701,-1.8
91.180967,-0.3
91.280656,-0.3
91.380951,-2.3
91.480684,-1.2
91.580694,0.0
91.68094,-1.4
91.780642,-2.8
91.880642,-0.8
91.980643,-1.7
92.080663,-2.1
92.180848,1.0
92.280902,-5.6
92.380645,-2.2
92.480918,0.2
92.580915,-2.0
92.680744,-1.9
92.780638,0.0
92.880625,0.0
92.980639,1.3
93.080189,-0.4
93.180668,-0.1
93.280936,0.0
93.380928,0.2
93.480871,0.9
93.580867,0.4
93.680658,1.6
93.780661,1.2
93.88083,4.0
93.980626,-0.9
94.080625,2.0
94.180703,-0.4
94.280943,-0.2
94.380673,-0.9
94.480894,-1.0
94.580855,-0.7
94.680715,-0.4
94.780747,-0.2
94.880613,-1.8
94.980618,-1.3
95.08063,-1.6
95.180709,-0.4
95.280673,-0.5
95.380719,-0.9
95.480638,-1.3
95.580693,-1.9
95.680861,-1.7
95.78063,0.0
95.880609,1.7
95.980605,0.6
96.080595,0.9
96.180633,1.4
96.280645,2.4
96.380841,0.9
96.480677,1.1
96.580622,-0.3
96.680877,-1.2
96.780747,-1.0
96.880614,-1.4
96.980602,-0.6
97.080609,-2.5
97.179996,-0.5
97.280861,-1.5
98.080592,-1.1
98.180657,0.1
98.280654,-0.3
98.380612,1.1
98.480657,-1.0
98.580735,-1.5
98.680604,-1.1
100.880866,-0.3
101.180576,-0.1
101.280839,0.0
101.380715,-0.9
101.480668,-0.2
101.580719,0.0
101.680677,-0.6
101.780884,0.5
101.880867,0.3
101.980573,-0.9
102.080563,-0.2
102.180575,1.4
102.280572,-0.5
102.380875,-1.3
102.480673,-1.2
102.580596,-0.3
102.6809,-0.5
102.780599,0.0
102.880855,0.3
102.980669,2.5
103.080568,-0.7
103.180585,-1.8
103.280621,-2.2
103.380703,-0.2
103.480667,-0.1
103.580713,0.2
103.680583,1.0
103.780678,-0.5
103.880698,0.0
103.980687,-0.6
104.08056,-0.2
104.18055,0.6
104.28067,1.8
104.38059,0.9
104.480873,0.6
104.580607,-0.7
104.680556,-1.9
104.780632,1.0
104.880612,-0.1
104.980886,-0.2
105.080561,-0.5
105.180656,-0.4
105.280636,-1.0
105.380837,-0.1
105.480719,0.3
105.580602,-1.1
106.380591,0.0
106.580688,0.0
106.680717,-1.3
106.780654,-0.5
106.880597,-0.6
106.980733,-0.9
107.080651,-1.4
107.180535,-1.0
107.280541,-1.1
107.380633,0.9
107.480626,-0.6
107.580558,-0.8
107.680609,0.8
107.780593,0.3
107.880704,-1.7
107.980665,-0.2
108.080537,-0.5
108.180531,-0.6
108.280546,-0.9
108.380538,-0.2
108.480561,0.2
108.580695,-1.7
108.680658,0.0
110.980635,1.4
111.080623,1.8
111.180511,-1.3
111.280525,0.4
111.380518,0.7
111.480624,2.0
111.580641,-0.2
111.680664,-0.2
111.78064,-1.4
111.980572,-1.8
112.080709,0.5
112.180507,0.1
112.280649,1.2
116.380522,-0.3
119.780571,-0.7
119.880736,-0.8
119.980592,-1.0
120.080714,-1.0
120.180541,-1.0
120.280717,-1.1
120.380701,-1.1
120.780653,-0.8
120.880691,-1.2
120.980627,-1.4
121.280685,-2.8
121.380668,-3.4
121.580547,-4.4
121.680548,-5.0
122.080721,-6.4
122.480551,-7.1
122.580543,-7.1
122.680536,-7.1
122.780561,-7.2
122.880714,-7.2
122.980637,-7.2
123.080573,-7.2
123.180642,-7.2
123.280568,-7.3
123.380714,-7.2
123.580538,-7.2
123.680552,-7.1
123.780544,-7.1
123.880742,-7.0
123.980699,-7.1
124.080658,-7.1
124.180578,-7.3
124.280588,-7.6
124.380628,-7.8
124.480726,-8.2
124.580563,-8.6
124.680547,-9.0
124.780535,-9.3
124.880707,-9.6
124.980682,-9.9
125.0807,-10.1
125.180752,-10.3
125.280583,-10.3
125.380555,-10.2
125.480697,-10.0
125.580546,-9.6
125.680552,-9.2
125.78054,-8.7
125.880593,-8.1
125.980668,-7.4
126.180654,-6.0
126.28057,-5.2
126.58056,-3.3
126.680539,-2.8
126.780558,-2.5
126.880612,-2.3
127.080617,-2.3
127.180611,-2.5
127.380648,-3.4
127.480702,-4.1
127.580546,-4.9
127.780548,-6.9
127.880581,-8.1
127.98058,-9.4
128.180608,-12.1
128.280672,-13.4
128.480611,-15.8
128.580714,-16.9
128.780544,-18.4
128.980592,-19.4
129.38067,-20.7
129.480683,-20.8
129.580702,-20.9
129.680548,-20.9
129.780567,-21.0
129.88058,-21.0
129.980598,-20.9
130.080718,-20.9
130.180614,-21.0
130.280589,-21.1
130.380655,-21.3
130.480578,-21.5
130.580648,-21.8
130.680679,-22.3
130.780566,-22.7
130.880555,-23.2
130.980698,-23.8
131.080738,-24.3
131.180666,-24.8
131.280646,-25.3
131.380648,-25.7
131.48073,-26.0
131.680558,-26.2
131.780572,-26.1
131.880567,-25.9
131.980705,-25.6
132.18071,-24.9
132.280668,-24.4
132.380666,-24.0
132.480627,-23.5
132.780559,-21.7
132.880546,-21.0
132.980699,-20.3
133.180669,-18.8
133.280732,-18.0
133.380576,-17.3
133.480668,-16.5
133.680692,-14.7
133.780554,-14.0
133.880554,-13.1
133.980546,-12.3
134.080761,-11.5
134.180669,-10.5
134.280635,-9.8
134.380598,-9.0
134.680606,-6.6
135.08058,-4.0
135.180756,-3.5
135.280651,-3.0
135.380614,-2.4
135.480726,-2.1
135.580554,-1.7
135.980563,-0.4
136.080597,-0.3
136.180764,0.0
136.280615,0.0
136.380684,0.1
136.480633,0.2
136.580746,0.3
136.680612,0.3
136.780561,0.2
136.880543,0.2
137.080573,0.1
137.480668,-0.3
137.580683,-0.4
137.680718,-0.5
137.780575,-0.7
137.880579,-0.8
137.98058,-1.0
138.080723,-1.1
138.18065,-1.3
140.780583,-2.6
140.980576,-2.5
141.080566,-2.6
141.180565,-2.6
141.280622,-2.6
141.380739,-2.6
141.480728,-2.7
141.58057,-2.7
141.680624,-2.8
141.780677,-2.9
141.880684,-2.9
141.98055,-3.1
142.080566,-3.2
142.18057,-3.3
142.280619,-3.5
142.380643,-3.6
142.480706,-3.7
142.580795,-3.9
142.680606,-4.1
142.780765,-4.3
142.880654,-4.5
142.980586,-4.7
143.080563,-4.9
143.18057,-5.2
143.280763,-5.4
143.380752,-5.7
143.480683,-6.0
143.580672,-6.2
143.680661,-6.5
143.780601,-6.8
143.88061,-7.1
143.980564,-7.4
144.080581,-7.6
144.180571,-7.9
144.280568,-8.2
144.380708,-8.5
144.480587,-8.8
144.580597,-9.0
144.680607,-9.3
144.780763,-9.7
144.880652,-10.0
144.980657,-10.2
145.080581,-10.6
145.180567,-10.8
145.280573,-11.1
145.380645,-11.4
145.480626,-11.7
145.580733,-11.9
145.68062,-12.2
145.780665,-12.3
145.880711,-12.5
145.980775,-12.7
146.080576,-12.7
146.180584,-12.9
146.280571,-12.9
146.380742,-13.0
146.480692,-13.0
146.580614,-13.0
146.680731,-12.9
146.7806,-12.8
146.880774,-12.8
146.980678,-12.6
147.080572,-12.5
147.180708,-12.3
147.280581,-12.1
148.98071,-5.4
149.080651,-4.7
149.180623,-4.1
149.280677,-3.5
149.380586,-2.9
149.480638,-2.2
149.580745,-1.5
149.68076,-0.7
149.780784,0.0
149.880672,0.6
149.980676,1.5
150.080608,2.3
150.180602,3.1
150.280581,4.0
150.380587,4.8
150.48063,5.7
150.580751,6.6
150.680725,7.5
150.780707,8.4
150.880669,9.3
150.980598,10.2
151.080647,11.1
151.180585,12.0
151.280595,12.9
151.380587,13.8
151.480579,14.6
151.580713,15.5
151.680656,16.4
151.780625,17.2
151.880707,18.1
151.980694,18.9
152.080628,19.8
152.180588,20.5
152.280594,21.4
152.380595,22.1
152.480695,22.9
152.580723,23.7
152.680684,24.5
152.780701,25.2
152.880735,25.9
152.98069,26.6
153.080761,27.2
153.18059,27.9
153.28059,28.5
153.3806,29.1
153.480705,29.6
153.580713,30.2
153.68071,30.7
153.780679,31.2
153.880668,31.7
153.980743,32.0
154.080674,32.4
154.18075,32.7
154.28059,33.0
154.380583,33.2
154.480659,33.4
154.580712,33.6
154.680645,33.7
154.780632,33.7
154.88076,33.6
154.980702,33.5
155.080721,33.4
155.180593,33.1
155.2806,32.9
155.380588,32.5
155.480602,32.1
155.580757,31.5
155.680729,31.0
155.780614,30.4
155.880657,29.7
155.980763,28.9
156.080781,28.1
156.1807,27.1
156.280578,26.1
156.380579,24.9
156.580708,22.6
156.680649,21.3
156.780637,19.9
156.880718,18.5
156.980626,16.8
157.080754,15.2
157.18061,13.5
157.280579,11.8
157.380593,10.0
157.480594,8.1
157.580929,6.2
157.680771,4.2
157.780652,2.3
157.880602,0.2
157.980783,-1.7
158.080736,-3.8
158.180714,-5.9
158.280593,-7.9
158.380589,-10.0
158.480582,-12.0
158.580652,-14.0
158.680694,-16.0
158.780717,-17.9
158.880591,-19.8
158.980645,-21.5
159.080694,-23.2
159.180632,-24.7
159.280689,-26.1
159.380599,-27.6
159.480604,-28.8
159.580583,-29.8
159.680617,-30.7
159.780711,-31.5
159.880811,-32.0
159.980772,-32.5
160.080703,-32.6
160.180628,-32.6
160.280703,-32.4
160.380608,-32.0
160.480605,-31.4
160.580655,-30.6
160.6807,-29.5
160.780801,-28.3
160.880745,-26.9
160.980692,-25.3
161.080764,-23.4
161.180695,-21.4
161.280774,-19.2
161.480579,-14.5
161.680662,-9.1
161.780811,-6.4
161.880774,-3.6
161.980801,-0.6
162.080665,2.3
162.180676,5.2
162.280696,8.0
162.380614,10.9
162.480615,13.8
162.58062,16.4
162.680613,18.9
162.780775,21.4
162.880645,23.6
162.980663,25.7
163.080651,27.5
163.180753,29.0
163.280713,30.4
163.380614,31.4
163.480598,32.2
163.580599,32.7
163.680656,32.8
163.780657,32.7
163.880751,32.2
163.980721,31.4
164.080625,30.4
164.180732,28.9
164.2807,27.3
164.380696,25.3
164.480686,23.0
164.580604,20.6
164.680601,17.8
164.780602,14.9
164.880786,11.7
164.980716,8.5
165.080729,5.1
165.180829,1.6
165.28067,-1.7
165.380637,-5.2
165.48069,-8.7
165.5806,-12.0
165.680601,-15.3
165.780616,-18.4
165.880687,-21.2
165.980784,-23.9
166.080609,-26.2
166.1807,-28.3
166.280629,-29.9
166.38061,-31.3
166.480646,-32.3
166.580596,-32.8
166.680611,-32.8
166.780598,-32.5
166.880662,-31.8
166.980775,-30.7
167.080781,-29.0
167.180787,-27.0
167.280787,-24.7
167.380825,-21.9
167.480733,-18.8
167.580626,-15.5
167.780628,-8.2
167.880615,-4.3
167.980798,-0.3
168.080698,3.5
168.180749,7.5
168.280789,11.4
168.380758,15.0
168.480674,18.5
168.580605,21.7
168.680619,24.7
168.780598,27.1
168.880768,29.1
168.980644,30.8
169.080715,32.0
169.180673,32.6
169.280661,32.7
169.380754,32.3
169.480805,31.4
169.580621,29.9
169.680624,27.9
169.780612,25.5
169.880754,22.7
169.980632,19.3
170.080665,15.8
170.180688,11.9
170.280738,7.8
170.380712,3.5
170.580641,-5.0
170.680598,-9.3
170.780617,-13.5
170.880616,-17.3
170.980739,-20.9
171.080736,-24.2
171.180622,-27.0
171.28065,-29.3
171.380818,-31.1
171.480799,-32.3
171.580751,-32.9
171.680612,-32.9
171.780617,-32.3
171.880612,-31.1
171.980817,-29.3
172.080788,-26.9
172.180667,-24.0
172.280708,-20.6
172.38065,-16.8
172.58071,-8.2
172.680599,-3.6
172.780605,0.9
172.880622,5.6
172.980701,10.1
173.080747,14.5
173.180652,18.5
173.280759,22.3
173.380835,25.5
173.480769,28.1
173.580774,30.3
173.680696,31.8
173.780623,32.6
173.8806,32.6
173.980705,32.0
174.080807,30.8
174.180646,28.7
174.280791,26.0
174.380662,22.8
174.480715,19.1
174.580674,15.0
174.680775,10.3
174.780619,5.6
174.880632,0.7
174.980615,-4.2
175.080793,-9.1
175.180699,-13.7
175.280767,-18.1
175.380809,-22.1
175.480718,-25.6
175.580674,-28.5
175.68079,-30.7
175.780629,-32.3
175.880606,-33.0
175.980625,-33.0
176.080795,-32.1
176.18081,-30.5
176.280731,-28.2
176.380748,-25.2
176.480626,-21.5
176.580798,-17.2
176.6808,-12.7
176.780616,-7.7
176.880611,-2.6
176.980616,2.5
177.08062,7.7
177.180772,12.7
177.280699,17.3
177.380808,21.6
177.480686,25.3
177.580641,28.3
177.680789,30.5
177.780621,32.1
177.880603,32.7
177.980608,32.4
178.080643,31.3
178.180715,29.3
178.280721,26.6
178.380636,23.2
178.480718,19.1
178.580695,14.4
178.680653,9.4
178.780608,4.1
178.880616,-1.2
178.980635,-6.8
179.080642,-11.9
179.180625,-16.9
179.280756,-21.4
179.380647,-25.3
179.480773,-28.6
179.580841,-30.9
179.680805,-32.4
179.780794,-33.1
179.880608,-32.8
179.980622,-31.5
180.080626,-29.3
180.180791,-26.4
180.28063,-22.7
180.380672,-18.3
180.480649,-13.2
180.58081,-7.9
180.680647,-2.4
180.780663,3.2
180.880627,8.9
180.980619,14.2
181.080631,19.0
181.180618,23.3
181.280662,27.0
181.380726,29.8
181.480795,31.7
181.580718,32.5
181.680732,32.4
181.78073,31.3
181.880618,29.3
181.980619,26.2
182.080627,22.4
182.180745,17.8
182.280833,12.7
182.380672,7.1
182.480678,1.3
182.580675,-4.5
182.680796,-10.2
182.780744,-15.6
182.880632,-20.6
182.980638,-24.9
183.080623,-28.4
183.180825,-31.0
183.280662,-32.6
183.380717,-33.2
183.48072,-32.6
183.580831,-31.1
183.680722,-28.4
183.780837,-24.8
183.880646,-20.5
183.98062,-15.4
184.080624,-9.9
184.180812,-3.9
184.280825,2.1
184.380814,7.9
184.480706,13.7
184.580629,18.9
184.680759,23.6
184.780716,27.3
184.880624,30.1
184.980634,31.9
185.080633,32.7
185.180636,32.1
185.280739,30.5
185.380643,27.8
185.480826,24.1
185.580779,19.6
185.680799,14.4
185.780655,8.5
185.880681,2.3
185.980621,-3.7
186.080625,-9.8
186.180641,-15.6
186.280677,-20.9
186.380661,-25.4
186.480703,-28.9
186.580666,-31.4
186.680786,-32.9
186.780773,-33.1
186.880697,-32.2
186.980634,-29.9
187.080619,-26.7
187.180636,-22.4
187.280746,-17.4
187.380663,-11.6
187.480661,-5.5
187.580831,0.8
187.6807,7.1
187.780645,13.2
187.880833,18.8
187.980621,23.7
188.080633,27.6
188.180632,30.4
188.280798,32.1
188.38069,32.6
188.480695,31.8
188.580679,29.7
188.680743,26.5
188.780779,22.2
188.88084,17.0
188.980648,11.2
189.080629,4.9
189.180641,-1.6
189.28062,-8.1
189.380768,-14.3
189.480697,-19.9
189.58078,-24.8
189.680711,-28.7
189.780753,-31.4
189.880669,-32.9
189.980724,-33.1
190.080639,-32.0
190.180642,-29.6
190.380626,-21.3
190.480765,-15.7
190.580784,-9.6
190.680785,-3.0
190.780747,3.5
190.880723,10.1
190.980815,16.2
191.08079,21.6
191.180642,26.1
191.280639,29.5
191.38064,31.7
191.480697,32.6
191.58065,32.0
191.680646,30.1
191.780674,26.8
191.88065,22.5
191.980796,17.1
192.080781,11.0
192.180638,4.4
192.280631,-2.3
192.380777,-9.0
192.480823,-15.4
192.580709,-21.1
192.680667,-26.1
192.780635,-29.7
192.88067,-32.1
192.980805,-33.1
193.080754,-32.8
193.18063,-31.0
193.280645,-27.8
193.380637,-23.4
193.480751,-17.9
193.580785,-11.8
193.680663,-5.1
193.780746,1.7
193.880679,8.7
193.980776,15.1
194.080818,20.9
194.180644,25.7
194.380637,31.7
194.480683,32.5
194.580765,31.9
194.680661,29.8
194.780818,26.3
194.880708,21.6
194.980713,15.9
195.080774,9.4
195.18064,2.4
195.280646,-4.5
195.380638,-11.4
195.480851,-17.8
195.580687,-23.4
195.680778,-27.9
195.780807,-31.1
195.880833,-32.9
195.980789,-33.1
196.080824,-31.8
196.180654,-29.0
196.280646,-24.9
196.38063,-19.6
196.480631,-13.3
196.58079,-6.4
196.68078,0.7
196.780835,7.7
196.880668,14.5
196.980726,20.6
197.080706,25.6
197.180653,29.4
197.280647,31.7
197.380657,32.5
197.480649,31.7
197.580778,29.4
197.680775,25.5
197.780838,20.4
197.880795,14.3
197.980678,7.4
198.080658,0.3
198.180792,-7.0
198.280646,-14.0
198.380638,-20.3
198.480644,-25.6
198.580842,-29.6
198.680754,-32.2
198.78077,-33.3
198.880827,-32.6
198.980819,-30.3
199.080711,-26.5
199.180657,-21.4
199.280664,-15.3
199.380639,-8.3
199.480658,-0.9
199.580733,6.4
199.680789,13.4
199.780826,19.7
199.880817,25.1
199.980806,29.2
200.080778,31.7
200.18071,32.5
200.280643,31.7
200.380648,29.2
200.48065,25.2
200.580723,19.8
200.680701,13.4
200.780757,6.3
200.980653,-8.6
201.080837,-15.6
201.180667,-21.9
201.380657,-30.7
201.480659,-32.8
201.580841,-33.2
201.680719,-31.8
201.780764,-28.8
201.880759,-24.3
201.980815,-18.4
202.08084,-11.5
202.180754,-4.1
202.280685,3.4
202.380654,10.9
202.480655,17.7
202.580647,23.6
202.680863,28.2
202.780691,31.1
202.880814,32.5
202.980794,31.9
203.080796,29.8
203.180674,25.9
203.28079,20.5
203.380659,14.0
203.480664,6.7
203.58067,-0.8
203.680798,-8.5
203.780845,-15.7
203.880668,-22.2
203.980776,-27.3
204.080836,-31.0
204.180782,-32.9
204.280768,-33.1
204.380655,-31.4
204.480656,-28.1
204.58067,-23.0
204.680663,-16.7
204.780779,-9.6
204.880697,-1.9
204.980796,5.8
205.080684,13.3
205.180841,20.0
205.280801,25.5
205.380706,29.6
205.480652,31.9
205.580666,32.5
205.680641,31.1
205.780783,27.9
205.880727,23.0
205.980689,16.9
206.080838,9.7
206.180673,2.0
206.280713,-5.8
206.380663,-13.5
206.480648,-20.3
206.580652,-26.0
206.680658,-30.2
206.78071,-32.7
206.880665,-33.3
206.980715,-31.9
207.080661,-28.7
207.180761,-23.8
207.280802,-17.6
207.380692,-10.3
207.48066,-2.4
207.580653,5.4
207.680672,13.1
207.780803,20.0
207.880695,25.6
207.980697,29.7
208.080686,32.0
208.180786,32.4
208.280836,30.8
208.380756,27.3
208.48078,22.1
208.580645,15.7
208.680664,8.2
208.780678,0.2
208.880742,-7.8
208.980823,-15.4
209.080796,-22.1
209.180764,-27.5
209.280721,-31.2
209.380806,-33.1
209.480657,-33.0
209.580661,-30.9
209.680649,-26.8
209.780664,-21.2
209.880784,-14.3
209.980718,-6.6
210.080783,1.5
210.180664,9.6
210.280767,17.0
210.380662,23.4
210.480704,28.2
210.580662,31.4
210.680667,32.5
210.780664,31.6
210.880678,28.7
210.980835,23.9
211.080829,17.7
211.180718,10.3
211.280813,2.2
211.380828,-6.0
211.480718,-13.9
211.580667,-20.9
211.68065,-26.7
211.780682,-30.8
211.88069,-33.0
211.980679,-33.1
212.080806,-31.1
212.180853,-27.1
212.280723,-21.5
212.480694,-6.6
212.580667,1.6
212.680651,9.9
212.780665,17.3
212.880699,23.8
212.980726,28.5
213.080827,31.6
213.180822,32.5
213.280824,31.2
213.38076,28.0
213.480722,22.8
213.580663,16.2
213.680678,8.5
213.78067,0.2
213.880678,-8.1
213.980882,-15.9
214.080787,-22.8
214.180737,-28.2
214.28073,-31.8
214.380753,-33.2
214.480842,-32.6
214.58076,-29.9
214.680665,-25.1
214.780671,-18.7
214.880653,-11.1
214.980691,-2.8
215.080699,5.5
215.180816,13.6
215.280832,20.7
215.380856,26.5
215.480724,30.5
215.580823,32.3
215.680661,32.0
215.780667,29.5
215.880653,25.0
215.980682,18.8
216.080743,11.3
216.180807,2.9
216.280876,-5.5
216.380705,-13.7
216.480806,-21.0
216.580857,-26.9
216.680658,-31.0
216.780663,-33.1
216.880667,-32.9
216.98075,-30.6
217.080844,-26.0
217.180764,-19.8
217.28077,-12.4
217.38082,-4.0
217.480676,4.6
217.580753,12.9
217.680684,20.2
217.780686,26.2
217.880667,30.3
217.980789,32.3
218.080683,32.1
218.180755,29.5
218.280705,24.9
218.380817,18.5
218.480713,10.8
218.580696,2.4
218.680676,-6.1
218.780669,-14.5
218.880681,-21.8
218.980678,-27.6
219.080786,-31.5
219.180806,-33.2
219.280772,-32.6
219.380757,-29.8
219.480745,-24.9
219.580755,-18.3
219.680876,-10.4
219.780669,-1.7
219.880677,6.9
219.980665,15.1
220.080856,22.2
220.18079,27.7
220.280801,31.2
220.380746,32.5
220.480782,31.4
220.580677,28.0
220.680741,22.6
220.780686,15.5
220.880685,7.3
220.980673,-1.3
221.080746,-10.1
221.180768,-18.0
221.280854,-24.8
221.380861,-29.9
221.480823,-32.7
221.580821,-33.3
221.680849,-31.3
221.780682,-27.3
221.880673,-21.2
221.980678,-13.8
222.08087,-5.3
222.180762,3.5
222.280747,12.2
222.380858,19.9
222.48082,26.0
222.580723,30.3
222.680709,32.3
222.7807,31.9
222.880678,29.2
222.980675,24.3
223.080847,17.5
223.180765,9.3
223.280743,0.5
223.380734,-8.3
223.480699,-16.5
223.580819,-23.6
223.680708,-29.1
223.780731,-32.4
223.880688,-33.4
223.98068,-31.8
224.080692,-27.9
224.180726,-22.0
224.280843,-14.4
224.380698,-5.9
224.480827,3.0
224.580863,11.8
224.680785,19.6
224.780793,25.9
224.880681,30.3
224.980682,32.3
225.080686,31.9
225.180777,29.0
225.280847,24.0
225.380764,17.0
225.480764,8.8
225.580872,-0.2
225.680815,-9.1
225.780789,-17.5
225.880736,-24.5
225.98068,-29.7
226.080683,-32.7
226.180673,-33.2
226.280852,-31.3
226.380868,-26.9
226.480725,-20.6
226.68069,-3.8
226.780832,5.2
226.880729,13.9
226.980687,21.4
227.080686,27.3
227.180684,31.1
227.280731,32.5
227.380748,31.2
227.480737,27.5
227.580788,21.7
227.680724,14.1
227.780774,5.4
227.880776,-3.6
227.980694,-12.5
228.080684,-20.5
228.180687,-26.9
228.280774,-31.3
228.380745,-33.2
228.480743,-32.7
228.580876,-29.5
228.680768,-24.1
228.780836,-16.8
228.880698,-8.3
228.980696,0.8
229.080686,9.8
229.180676,18.1
229.28082,24.9
229.380829,29.8
229.480792,32.2
229.580705,32.1
229.680781,29.2
229.780708,24.2
229.880833,17.1
229.980663,8.7
230.080666,-0.4
230.180678,-9.5
230.280671,-18.0
230.380726,-25.1
230.48083,-30.2
230.580787,-32.9
230.680724,-33.1
230.780743,-30.6
230.880819,-25.7
230.980777,-18.8
231.080667,-10.4
231.18067,-1.2
231.280676,7.9
231.380821,16.5
231.480711,23.8
231.580836,29.1
231.680688,31.9
231.780852,32.2
231.88073,29.8
231.980806,25.0
232.080665,18.1
232.180655,9.7
232.280656,0.5
232.380734,-8.7
232.480803,-17.4
232.580827,-24.7
232.680816,-30.0
232.780778,-32.9
232.880868,-33.1
232.980731,-30.7
233.080649,-25.8
233.180653,-18.9
233.280654,-10.4
233.380764,-1.1
233.480688,8.2
233.580742,16.9
233.780758,29.3
233.880773,32.0
233.980642,32.1
234.080658,29.5
234.280671,17.2
234.38065,8.6
234.480813,-0.8
234.58071,-10.1
234.680843,-18.7
234.780854,-25.7
234.880656,-30.7
234.98076,-33.1
235.080838,-32.9
235.180645,-29.9
235.280655,-24.5
235.380648,-17.0
235.480792,-8.2
235.580654,1.2
235.680779,10.6
235.780834,19.0
235.88073,25.8
235.98066,30.3
236.080663,32.4
236.180643,31.5
236.28064,28.0
236.380747,22.2
236.480561,14.3
236.580792,5.3
236.680661,-4.2
236.780779,-13.4
236.880841,-21.6
236.980691,-28.0
237.080725,-32.0
237.180622,-33.3
237.280624,-31.9
237.380651,-27.8
237.480693,-21.3
237.580723,-13.1
237.680827,-3.8
237.780684,5.7
237.880688,14.8
237.980794,22.6
238.080731,28.3
238.180636,31.7
238.280615,32.3
238.380621,30.1
238.480616,25.2
238.580721,18.1
238.680749,9.4
238.780751,0.0
238.88074,-9.6
238.980676,-18.4
239.080776,-25.6
239.180613,-30.7
239.280623,-33.2
239.380616,-32.8
239.480599,-29.7
239.580628,-23.9
239.680737,-16.2
239.780671,-7.1
239.880795,2.6
239.980818,11.9
240.080643,20.3
240.180641,26.8
240.280602,31.0
240.380616,32.4
240.4806,30.9
240.580681,26.7
240.680644,20.1
240.78068,11.7
240.880636,2.2
240.980686,-7.4
241.080595,-16.5
241.180792,-24.3
241.380604,-32.8
241.480609,-33.0
241.58075,-30.3
241.680671,-25.0
241.780623,-17.5
241.880668,-8.4
241.980604,1.2
242.080726,10.8
242.180601,19.4
242.280594,26.2
242.380582,30.7
242.480601,32.4
242.580676,31.1
242.680619,27.1
242.780626,20.6
242.880639,12.2
242.98069,2.7
243.08067,-7.1
243.180611,-16.3
243.280604,-24.1
243.380587,-29.8
243.480588,-32.9
243.580684,-33.1
243.680786,-30.4
243.780603,-24.9
243.880608,-17.3
243.98065,-8.2
244.080776,1.5
244.180611,11.2
244.280573,19.8
244.380579,26.5
244.480593,30.9
244.580586,32.4
244.680615,30.9
244.780786,26.6
244.880343,19.9
244.980553,11.3
245.080313,1.5
245.180399,-8.3
245.280277,-17.4
245.380212,-25.0
245.480214,-30.5
245.580206,-33.1
245.680501,-32.8
245.780577,-29.6
245.880308,-23.7
245.980244,-15.6
246.080415,-6.2
246.180423,3.6
246.280446,13.2
246.380204,21.5
246.480201,27.8
246.580202,31.5
246.680342,32.3
246.780378,30.1
246.880422,25.0
246.980322,17.6
247.080449,8.5
247.180509,-1.2
247.280554,-11.1
247.380191,-19.9
247.480197,-27.0
247.580189,-31.7
247.680281,-33.4
247.78033,-32.1
247.880236,-27.8
247.980215,-21.1
248.080514,-12.4
248.180472,-2.6
248.280288,7.3
248.380334,16.6
248.48034,24.2
248.680219,32.2
248.780429,31.7
248.880347,28.3
248.980383,22.1
249.080456,13.8
249.180423,4.2
249.280293,-5.8
249.38021,-15.3
249.480334,-23.5
249.58034,-29.6
249.680332,-32.9
249.780402,-33.1
249.880478,-30.4
249.980281,-24.7
250.180539,-7.5
250.280423,2.6
250.380445,12.4
250.480335,20.9
250.580327,27.5
250.68032,31.4
250.780326,32.3
250.880396,30.1
250.980527,25.0
251.080203,17.5
251.180229,8.3
251.280513,-1.7
251.380417,-11.7
251.480348,-20.5
251.580324,-27.5
251.680316,-32.0
251.780283,-33.4
251.880279,-31.7
251.980398,-27.0
252.080339,-19.8
252.180427,-10.7
252.280371,-0.7
252.380254,9.3
252.48031,18.4
252.580315,25.7
252.680308,30.5
252.780318,32.3
252.88042,31.0
252.980517,26.7
253.080405,19.7
253.180285,10.8
253.280367,0.8
253.38035,-9.3
253.480326,-18.5
253.580307,-26.1
253.680295,-31.2
253.780292,-33.4
253.880266,-32.3
253.980355,-28.2
254.080354,-21.5
254.180468,-12.6
254.280417,-2.7
254.380379,7.5
254.480509,17.0
254.580295,24.6
254.680287,30.0
254.780301,32.3
254.880477,31.4
254.980402,27.5
255.080365,20.8
255.180391,12.1
255.280381,2.1
255.380289,-8.1
255.480292,-17.6
255.580286,-25.4
255.680279,-30.8
255.780284,-33.3
255.880279,-32.5
255.980455,-28.7
256.080398,-22.0
256.180371,-13.3
256.280293,-3.3
256.380215,6.9
256.480237,16.5
256.580365,24.3
256.680269,29.8
256.780274,32.3
256.880274,31.5
256.980398,27.6
257.080446,20.9
257.180447,12.1
257.28033,2.0
257.380476,-8.1
257.480304,-17.7
257.580499,-25.6
257.680266,-30.9
257.780267,-33.3
257.880258,-32.4
257.980365,-28.3
258.080409,-21.6
258.18043,-12.7
258.280335,-2.6
258.380292,7.7
258.480236,17.2
258.580392,24.9
258.680253,30.2
258.780259,32.4
258.880259,31.2
258.980353,27.0
259.080313,20.0
259.180342,10.9
259.280358,0.8
259.3804,-9.4
259.480402,-18.9
259.580324,-26.5
259.680241,-31.5
259.780242,-33.4
259.880228,-32.0
259.980247,-27.4
260.080467,-20.2
260.180343,-10.9
260.280274,-0.7
260.380395,9.6
260.480374,18.9
260.580389,26.2
260.780247,32.3
260.880229,30.5
260.980283,25.6
261.080343,18.1
261.18033,8.6
261.28034,-1.6
261.380382,-11.9
261.480397,-21.0
261.580306,-28.0
261.680237,-32.3
261.780234,-33.3
261.880247,-31.1
261.980235,-25.6
262.080353,-17.7
262.180339,-8.1
262.280297,2.3
262.380383,12.5
262.480372,21.3
262.580385,27.9
262.68029,31.7
262.780226,32.2
262.880212,29.3
262.980227,23.3
263.080345,15.0
263.180226,5.1
263.280329,-5.4
263.380486,-15.4
263.480337,-23.9
263.680401,-33.1
263.780209,-32.9
263.880204,-29.3
263.980205,-22.9
264.080396,-14.0
264.180388,-3.8
264.280426,6.6
264.380309,16.3
264.48039,24.4
264.580273,29.9
264.680402,32.4
264.780201,31.3
264.8802,27.0
264.980202,19.9
265.0802,10.7
265.180267,0.2
265.280318,-10.1
265.48034,-27.1
265.58023,-31.9
265.680265,-33.4
265.780531,-31.3
265.880346,-26.1
265.980193,-18.6
266.080205,-9.0
266.180325,1.5
266.280508,11.8
266.380298,20.9
266.580272,31.6
266.680407,32.1
266.78029,29.4
266.880197,23.4
266.980198,15.0
267.080223,5.0
267.180237,-5.6
267.28023,-15.7
267.38044,-24.2
267.480451,-30.5
267.58044,-33.2
267.680291,-32.7
267.780464,-28.6
267.880211,-22.1
268.080211,-2.6
268.180388,8.4
268.280392,17.5
268.380408,25.7
268.480207,30.5
268.680423,30.6
268.780451,25.5
268.880203,18.2
268.980204,8.6
269.180375,-12.9
269.48037,-32.7
269.68059,-30.2
269.780494,-24.4
273.180208,-26.2
273.780258,-9.3
273.980275,12.4
274.28032,31.7
274.580247,22.5
274.680289,13.6
274.780351,3.2
274.880345,-8.0
275.180348,-31.4
275.280253,-33.4
275.580372,-19.0
275.680224,-9.7
275.780274,1.5
275.880307,12.1
276.080214,27.8
276.180217,31.7
276.280209,32.1
276.380311,28.6
276.780295,-7.5
276.880356,-18.1
277.180253,-33.4
277.280219,-31.9
277.480434,-18.7
277.580444,-8.8
277.880354,21.7
278.280206,28.6
278.380211,21.9
278.480343,12.4
278.6803,-9.0
278.880403,-26.8
279.180226,-31.3
279.280218,-25.9
279.580424,3.3
279.880469,29.1
279.980429,32.1
280.180213,27.5
280.58031,-10.7
280.780362,-27.9
281.080426,-30.6
281.480226,5.5
