T,gyro_5f_wy[dps]
-19.919977,0.0
-19.82003,0.0
-19.72004,0.0
-19.620052,0.0
-19.519936,0.0
-19.41998,0.0
-19.31981,0.0
-19.220091,0.0
-19.120061,0.0
-19.020085,0.0
-18.920101,0.0
-18.82005,0.0
-18.720044,0.0
-18.620047,0.0
-18.520077,0.0
-18.420002,0.0
-18.319987,0.0
-18.219957,0.0
-18.119954,0.0
-18.019956,0.0
-17.919998,0.0
-17.820045,0.0
-17.719973,0.0
-17.620056,0.0
-17.52005,0.0
-17.419928,0.0
-17.319979,0.0
-17.220034,0.0
-17.120096,0.0
-17.020119,0.0
-16.920098,0.0
-16.819862,0.0
-16.720061,0.0
-16.620055,0.0
-16.520063,0.0
-16.420102,0.0
-16.320113,0.0
-16.219917,0.0
-16.120013,0.0
-16.019918,0.0
-15.919842,0.0
-15.820082,0.0
-15.71991,0.0
-15.620063,0.0
-15.520075,0.0
-15.420088,0.0
-15.320006,0.0
-15.220037,0.0
-15.120081,0.0
-15.019938,0.0
-14.919961,0.0
-14.820048,0.0
-14.719932,0.0
-14.620008,0.0
-14.51985,0.0
-14.419965,0.0
-14.320019,0.0
-14.220047,0.0
-14.120055,0.0
-14.019933,0.0
-13.920086,0.0
-13.82011,0.0
-13.720086,0.0
-13.619993,0.0
-13.52008,0.0
-13.420074,0.0
-13.319971,0.0
-13.220021,0.0
-13.120124,0.0
-13.02011,0.0
-12.919781,0.0
-12.819995,0.0
-12.719927,0.0
-12.620091,0.0
-12.520085,0.0
-12.420079,0.0
-12.32008,0.0
-12.219892,0.0
-12.120037,0.0
-12.019973,0.0
-11.919821,0.0
-11.820088,0.0
-11.719809,0.0
-11.62009,0.0
-11.520089,0.0
-11.420083,0.0
-11.320107,0.0
-11.219942,0.0
-11.120105,0.0
-11.020054,0.0
-10.919867,0.0
-10.819914,0.0
-10.719996,0.0
-10.620094,0.0
-10.520097,0.0
-10.420096,0.0
-10.320032,0.0
-10.219977,0.0
-10.119915,0.0
-10.019992,0.0
-9.920078,0.0
-9.820031,0.0
-9.719968,0.0
-9.620106,0.0
-9.520101,0.0
-9.420108,0.0
-9.320118,0.0
-9.220047,0.0
-9.120104,0.0
-9.020062,0.0
-8.919856,0.0
-8.82003,0.0
-8.720103,0.0
-8.62011,0.0
-8.520065,0.0
-8.420121,0.0
-8.320115,0.0
-8.220038,0.0
-8.119818,0.0
-8.019781,0.0
-7.920065,0.0
-7.819904,0.0
-7.719769,0.0
-7.619926,0.0
-7.520113,0.0
-7.420116,0.0
-7.320124,0.0
-7.220097,0.0
-7.119775,0.0
-7.019985,0.0
-6.920104,0.0
-6.82004,0.0
-6.720092,0.0
-6.619971,0.0
-6.520134,0.0
-6.420124,0.0
-6.320132,0.0
-6.219911,0.0
-6.120028,0.0
-6.019926,0.0
-5.920012,0.0
-5.819901,0.0
-5.719808,0.0
-5.619918,0.0
-5.520134,-0.2
-5.420137,0.0
-5.320131,0.0
-5.220094,0.0
-5.120044,0.0
-5.02007,0.0
-4.920111,0.0
-4.819951,0.0
-4.719849,0.0
-4.619881,0.0
-4.520133,0.0
-4.42007,0.0
-4.320131,0.0
-4.219973,0.0
-4.12005,0.1
-4.020052,0.0
-3.91997,0.0
-3.81999,0.0
-3.720077,0.0
-3.620089,0.0
-3.52015,0.0
-3.420136,0.0
-3.320143,0.0
-3.220138,0.0
-3.120049,0.0
-3.019932,0.0
-2.919938,0.0
-2.819838,0.0
-2.720035,0.0
-2.61997,0.0
-2.51996,0.0
-2.420153,0.0
-2.320147,0.0
-2.220146,0.0
-2.120032,0.0
-2.020035,0.0
-1.91994,0.0
-1.819936,0.0
-1.719948,0.0
-1.619844,0.0
-1.519998,0.0
-1.420157,0.0
-1.320164,0.0
-1.220159,0.0
-1.120067,0.0
-1.019922,0.0
-0.919977,0.0
-0.820003,0.0
-0.720033,0.0
-0.619938,0.0
-0.519924,0.0
-0.42005,0.0
-0.320163,0.0
-0.220171,0.0
-0.120138,0.0
-0.019972,0.0
0.080152,0.0
0.180041,0.0
0.280064,0.0
0.379947,0.0
0.479882,0.0
0.579836,-0.2
0.679833,-1.6
0.77997,-2.7
0.879886,-1.0
0.980098,-0.6
1.080101,0.7
1.180023,-0.8
1.28004,-2.7
1.379932,-1.2
1.479949,-1.7
1.580053,-2.3
1.680058,-2.2
1.780046,-1.3
1.880041,-2.2
1.980068,-1.6
2.080051,-1.7
2.180118,-2.6
2.280056,-1.9
2.380067,-2.2
2.479995,-2.6
2.579929,-2.6
2.680039,-1.7
2.78004,-1.5
2.880035,-1.6
2.980045,-1.0
3.079881,-0.2
3.179869,0.4
3.280172,0.5
3.380051,1.9
3.480093,1.4
3.580029,1.7
3.679872,2.2
3.780041,2.8
3.880032,2.6
3.980203,3.0
4.080145,2.4
4.17998,2.3
4.280208,2.6
4.379964,2.3
4.479927,1.9
4.580137,2.1
4.67993,0.8
4.780042,1.1
4.880023,0.3
4.980029,0.0
5.079989,-0.1
5.179889,-0.3
5.279919,-0.7
5.379896,-0.8
5.479898,-0.6
5.580173,-0.8
6.080142,-0.6
6.179912,0.0
6.279981,0.3
6.379891,0.2
6.479973,0.2
6.580116,1.0
6.679973,0.9
6.780015,1.5
6.880014,1.7
6.980007,1.9
7.080155,1.9
7.179977,1.9
7.279904,1.9
7.379876,1.8
7.480107,1.5
7.580081,1.7
7.980003,1.1
8.080006,1.3
8.180047,1.3
8.279905,1.3
8.380142,0.7
8.479936,0.5
8.579951,0.8
8.679926,0.4
8.780008,0.0
8.879998,0.1
8.980003,0.3
9.079994,0.3
9.179906,0.3
9.279882,0.2
9.479953,0.2
9.579968,0.0
9.679893,0.9
9.780081,0.7
9.880016,0.7
9.979986,0.8
10.07999,0.9
10.179956,0.7
10.28006,1.6
10.37989,1.1
10.679893,1.1
10.879977,0.6
10.979983,0.6
11.080003,0.6
11.180022,0.4
11.279886,0.9
11.379955,0.9
11.479904,0.8
11.579972,1.1
11.680054,1.1
11.780094,0.6
11.879978,1.1
11.979979,1.4
12.079982,0.9
12.17998,0.6
12.279944,1.0
12.38,0.7
12.480113,1.0
12.580049,0.4
12.679879,0.1
12.780067,0.6
12.879925,0.0
12.97997,0.5
13.079978,0.5
13.179968,0.2
13.28009,0.3
13.379922,0.3
13.479898,0.8
13.580073,0.2
13.679911,1.5
13.780137,1.2
13.87999,1.0
13.979972,0.6
14.079962,0.9
14.179961,1.3
14.280109,1.0
14.380121,1.1
14.479943,0.9
14.57992,0.8
14.680182,0.7
14.779888,0.8
14.879923,1.4
14.979973,1.3
15.08002,0.8
15.179957,1.2
15.280043,1.0
15.37998,1.0
15.480216,0.2
15.579945,0.9
15.67996,0.5
15.780086,0.3
15.879935,0.9
16.07995,0.2
16.179949,0.9
16.280222,0.9
16.38002,1.0
16.48001,1.1
16.579934,0.3
16.680139,1.0
16.78002,1.4
16.880083,1.0
16.979952,1.1
17.079969,1.0
17.179976,0.7
17.279933,0.8
17.379941,0.8
17.480179,0.6
17.680011,0.7
17.780021,0.5
17.880198,0.9
17.98025,1.0
18.079945,0.4
18.179944,0.4
18.279989,0.5
18.380031,0.5
18.479935,0.6
18.580003,0.9
18.680014,0.7
18.780033,0.6
18.879936,0.8
18.980057,0.8
19.079931,0.6
19.17993,1.1
19.279936,0.8
19.380099,0.9
19.480106,1.0
19.580073,0.9
19.680146,1.1
19.779981,0.8
19.880065,0.6
19.979986,1.1
20.079932,1.1
20.179922,0.6
20.279919,0.7
20.380038,0.6
20.580063,0.5
20.679921,0.5
20.779897,-0.1
20.879918,-0.1
20.979921,-0.3
21.079933,-0.3
21.180077,-0.7
21.280074,-0.5
21.380002,-0.4
21.480092,-0.7
21.580116,-0.7
21.680136,-0.3
21.779927,-0.1
21.880226,-0.6
21.980052,-0.8
22.07992,-0.6
22.179923,-0.4
22.279911,-0.5
22.379912,0.0
22.479955,0.4
22.580037,0.0
22.680062,0.2
22.780126,0.4
22.880125,0.7
22.979941,0.2
23.080032,0.4
23.179902,0.3
23.279903,0.4
23.379904,0.3
23.480221,-0.1
23.580177,0.0
23.680041,0.0
23.780042,0.1
23.879982,-0.1
23.980043,-0.5
24.080094,-0.4
24.179906,0.0
24.279934,0.0
24.379913,-0.3
24.480098,-0.4
24.580014,0.0
24.680002,-0.5
24.779959,-0.7
24.879927,0.0
24.980003,-0.3
25.080084,-0.7
25.179894,-0.5
25.279895,-0.5
25.379901,-0.7
25.480107,-0.6
25.580064,-0.3
25.67998,-1.0
25.780008,-0.7
25.880275,-0.6
25.980205,-0.4
26.080026,-1.0
26.279891,-0.8
26.379897,-0.8
26.479893,-1.0
26.580249,-0.8
26.679918,-0.2
26.780196,-0.8
26.880029,-1.2
26.980003,-0.5
27.080022,-0.6
27.179928,-1.1
27.279878,-1.3
27.379884,-0.6
27.479885,-1.0
27.580067,-0.8
27.680259,-0.8
27.780072,-1.1
27.87989,-1.0
27.98019,-0.6
28.079918,-1.0
28.17993,-0.9
28.279878,-0.4
28.379879,-0.5
28.479871,-0.6
28.579877,-1.1
28.680232,-0.3
28.779926,0.0
28.879974,-0.6
28.980037,-0.2
29.079929,-0.1
29.179886,-0.4
29.280033,-0.5
29.379866,-0.2
29.479863,-0.7
29.579877,-0.4
29.679947,-0.7
29.780092,-0.7
29.880032,-0.9
29.979901,-0.9
30.080005,-0.6
30.180076,-0.2
30.279958,-0.6
30.380157,-0.3
30.480158,-0.2
30.580168,0.3
30.680176,0.5
30.780022,0.4
30.880174,0.1
30.980043,0.2
31.080136,0.5
31.179894,0.5
31.279922,0.2
31.380165,0.6
31.480153,0.9
31.580158,0.5
31.680054,0.4
31.780005,0.1
31.88005,0.4
31.980013,-0.6
32.079932,-0.1
32.180234,0.0
32.280083,0.3
32.380161,-0.1
32.480153,-0.4
32.580154,-0.4
32.680098,-0.1
32.780061,0.0
32.879872,-0.4
32.980034,-0.2
33.07998,-0.2
33.180054,-0.3
33.279922,-0.1
33.380148,0.1
33.480149,0.0
33.58015,0.0
33.680143,-0.3
33.780188,0.2
33.880031,0.0
33.980099,-0.7
34.080019,-0.2
34.17992,-0.1
34.280028,0.0
34.380043,0.0
34.480141,0.1
34.580143,-0.1
34.68013,0.4
34.780052,0.2
34.879911,-0.1
34.979987,0.2
35.080008,0.3
35.180086,0.4
35.280091,0.4
35.379982,-0.1
35.480124,0.4
35.58013,0.2
35.680131,-0.3
35.780188,0.2
35.879913,0.1
35.980147,0.0
36.080046,-0.1
36.17993,-0.1
36.280064,0.1
36.380214,0.5
36.480129,-0.1
36.580135,0.3
36.680127,-0.4
36.78004,0.2
36.880048,0.5
36.980086,0.5
37.080032,0.5
37.180052,0.1
37.280089,0.6
37.379948,0.3
37.480119,0.6
37.580125,0.0
37.680117,0.5
37.780119,0.1
37.879949,0.6
37.979938,0.2
38.079898,0.3
38.180028,0.6
38.280169,-0.2
38.379929,0.2
38.479984,-0.1
38.580112,-0.2
38.680118,0.0
38.780124,-0.4
38.880057,0.0
38.980024,0.0
39.07993,-0.3
39.180044,-0.1
39.280067,-0.5
39.380038,0.0
39.48007,-0.2
39.580117,-0.3
39.680114,-0.2
39.780115,0.0
39.879966,-0.2
39.979986,-0.7
40.079931,0.1
40.179944,-0.4
40.280039,-0.4
40.380054,-0.1
40.480018,-0.2
40.580103,0.0
40.680104,-0.3
40.780101,-0.1
40.880153,-0.1
40.979955,-0.3
41.080106,-0.1
41.179992,0.0
41.28006,0.0
41.380022,-0.3
41.479979,0.0
41.580095,0.0
41.680096,-0.4
41.780097,0.0
41.879903,0.2
41.979926,0.4
42.080104,0.3
42.180125,-0.3
42.279926,0.2
42.380127,0.1
42.480103,0.0
42.580082,0.1
42.680088,0.0
42.780089,0.2
42.880084,-0.1
42.980013,0.1
43.079914,0.2
43.180041,0.0
43.280011,0.0
43.380061,0.0
43.479942,0.0
43.57993,0.0
43.680093,-0.1
43.780081,-0.4
43.880076,-0.2
43.980035,-0.6
44.08022,0.0
44.180152,0.2
44.280123,0.0
44.380146,-0.1
44.480173,-0.1
44.579986,0.0
44.680089,0.3
44.780073,1.0
44.880134,0.8
44.980104,0.6
45.080146,0.6
45.180117,0.7
45.279979,1.2
45.379994,0.8
45.480016,0.9
45.580005,0.6
45.680067,0.3
45.780064,0.7
45.880077,0.6
45.979921,0.2
46.079969,0.7
46.180003,-0.1
46.27998,-0.4
46.379902,0.0
46.479939,-0.5
46.579941,0.0
46.680064,-0.1
46.780069,-0.8
46.880069,-0.5
46.980091,-0.2
47.079992,-0.3
47.180083,-0.8
47.280115,-0.5
47.38004,-1.0
47.479997,-1.1
47.580067,-0.7
47.680056,-0.8
47.780057,-0.8
47.880065,-0.7
47.980057,-0.3
48.080099,-0.7
48.180153,-0.1
48.280048,0.2
48.380003,-0.1
48.480087,0.4
48.58,0.4
48.680107,-0.3
48.780053,1.0
48.880057,0.3
48.980058,-0.2
49.079959,0.2
49.180229,0.3
49.280218,0.2
49.380062,0.2
49.480077,0.2
49.580008,0.3
49.680006,0.1
49.780049,0.6
49.879948,0.4
49.980107,-0.2
50.080093,0.2
50.18012,0.3
50.280078,0.1
50.380195,0.4
50.479954,0.0
50.580092,-0.2
50.680103,0.4
50.780042,0.8
50.880037,-0.1
50.980038,-0.3
51.080127,0.1
51.180228,-0.3
51.280132,-0.3
51.380199,-0.1
51.480121,0.0
51.580136,-0.4
51.679996,-0.4
51.780043,-0.5
51.880029,-0.3
51.98003,0.1
52.080029,-0.3
52.179931,-0.3
52.280105,-0.2
52.480149,-0.1
52.580053,-0.6
52.679952,-0.2
52.779976,0.0
52.980035,-0.2
53.080029,0.1
53.27998,0.1
53.680137,0.2
55.080008,0.1
55.180012,1.9
55.279983,0.8
55.380111,0.1
55.480086,0.3
55.580063,0.4
55.68006,0.4
55.780103,0.9
55.879958,0.1
55.98001,0.2
56.080009,0.4
56.179999,0.2
56.280094,0.0
56.380039,0.4
56.480121,0.0
56.579922,-0.1
56.679937,0.0
56.780044,0.0
56.880184,0.3
56.980992,-0.2
57.080001,0.0
57.179995,0.6
57.280175,0.9
57.380059,-0.5
57.480066,0.0
57.580139,0.0
57.6801,1.3
57.780036,0.0
57.880087,0.2
57.980992,0.4
58.079997,0.3
58.18,-0.1
58.280235,-2.7
58.380165,-2.0
58.480142,0.1
58.580158,0.2
58.680981,0.0
58.780028,-0.8
58.879953,0.0
58.979993,0.0
59.079987,-1.8
59.17999,0.6
59.280104,-1.0
59.380107,0.3
59.480034,0.9
59.579921,-1.5
59.680981,-0.4
59.780075,0.0
59.879952,-0.9
59.979985,-0.1
60.079983,-0.3
60.179987,-0.2
60.279979,-0.4
60.380119,-0.9
60.480026,0.0
60.579996,0.8
60.679993,-1.0
60.779919,-1.8
60.880096,-1.8
60.980083,1.4
61.07998,0.4
61.17997,-1.3
61.279975,0.4
61.380076,-0.2
61.480081,0.6
61.580074,0.3
61.680015,1.4
61.780025,-0.3
61.88005,-0.9
61.980092,-0.2
62.079967,1.0
62.17997,0.9
62.279971,2.8
62.3801,2.1
62.479971,0.7
62.579965,0.8
62.680059,0.3
62.780083,0.6
62.880063,0.9
62.980967,0.1
63.080951,1.6
63.17996,-0.1
63.279953,0.5
63.379954,0.0
63.479961,0.0
63.580021,-0.9
63.680045,-0.1
63.779977,0.0
63.880034,-0.7
63.980115,-0.4
64.080087,0.0
64.179961,-1.7
64.279958,0.0
64.37995,-0.2
64.480039,-1.1
64.580072,0.6
64.680074,0.8
64.780964,0.5
64.880107,-2.0
64.980121,0.4
65.080076,-0.4
65.179957,0.1
65.279945,0.2
65.37995,-1.2
65.480144,0.2
65.580976,-0.2
65.680961,0.5
65.78099,0.3
65.880106,0.0
65.980062,-0.3
66.080127,0.0
66.179944,0.0
66.279937,-1.0
66.379938,-0.1
66.480072,-2.8
66.580024,0.1
66.680009,1.9
66.780086,-0.3
66.880812,0.0
66.980008,-0.2
67.080068,-0.5
67.17994,0.0
67.279937,0.4
67.379943,-1.3
67.479977,-0.9
67.579955,-1.8
67.680929,-2.8
67.780972,-0.2
67.880035,-2.0
67.980085,-0.2
68.080095,-2.8
68.179928,-1.1
68.379926,-2.0
68.480044,-1.7
68.58004,-0.6
68.679964,0.6
68.780059,0.3
68.880015,0.4
68.980953,0.3
69.080085,-1.4
69.180101,1.6
69.279925,1.3
69.379926,1.0
69.479923,0.8
69.580099,0.8
69.680085,-0.1
69.780021,2.5
69.880031,1.5
69.98002,0.7
70.080078,2.7
70.180107,0.7
70.280902,1.7
70.380908,3.3
70.480778,0.5
70.580977,0.4
70.680058,0.4
70.780056,0.8
70.880972,-0.1
70.980116,0.3
71.080004,-0.9
71.180903,-0.4
71.280894,0.0
71.380908,0.0
71.480888,-1.3
71.581032,-2.2
71.680074,0.0
71.780952,0.8
71.880957,-1.6
71.980018,0.0
72.080096,-0.2
72.180919,-1.3
72.280895,-0.9
72.380882,1.8
72.480901,0.5
72.58091,-0.2
72.679977,0.2
72.779985,0.1
72.880922,0.1
72.980005,0.3
73.080096,0.3
73.180036,-0.3
73.280882,-0.8
73.380883,1.7
73.480902,-0.2
73.579982,-1.5
73.680057,0.1
73.780979,-0.1
73.880896,-4.8
73.98009,-0.1
74.080802,-0.2
74.180808,0.0
74.280025,-0.3
74.380869,2.5
74.480874,2.4
74.580915,0.5
74.680995,0.6
74.780927,0.2
74.88079,1.1
74.980994,3.4
75.080966,1.1
75.180881,-0.4
75.280086,-1.2
75.380872,2.8
75.480891,1.3
75.580879,1.0
75.680015,-1.2
75.780974,0.1
75.88093,1.4
75.980087,2.3
76.080054,0.4
76.180896,0.3
76.280817,-1.6
76.380742,-2.1
76.480761,0.4
76.58087,0.3
76.680038,0.0
76.780271,-1.5
76.880008,-2.2
76.980938,0.1
77.080958,1.5
77.180969,1.1
77.280733,1.1
77.380856,0.2
77.480861,-0.5
77.580849,-3.0
77.680864,1.4
77.780042,0.5
77.880052,-1.4
77.980925,0.0
78.08005,0.5
78.180967,1.7
78.280938,-0.2
78.380776,-1.8
78.480857,0.9
78.580837,0.5
78.680855,0.5
78.780017,0.6
78.880861,-0.9
78.980007,0.0
79.080881,0.6
79.180789,0.9
79.280961,0.7
79.380935,2.0
79.480719,1.2
79.580846,0.9
79.680847,0.1
79.780906,0.0
79.880931,0.1
79.980882,-1.0
80.080041,-1.8
80.180797,-0.2
80.280998,0.0
80.380956,-0.5
80.48085,-0.6
80.580838,-0.9
80.680839,-4.7
80.780181,-4.6
80.88098,-1.7
80.980917,-2.7
81.080983,3.2
81.180969,-0.1
81.280984,-0.5
81.380838,-0.5
81.480842,-0.3
81.580843,1.1
81.680835,0.3
81.780832,2.5
81.880912,-0.7
81.980936,0.0
82.080905,-0.2
82.180898,0.9
82.280861,-1.7
82.380888,1.3
82.480943,0.8
82.580842,0.4
82.68083,-1.2
82.780835,1.1
82.880021,0.3
82.981002,1.3
83.080931,0.0
83.180997,0.1
83.280758,-0.4
83.380845,1.4
83.480035,-2.3
83.580703,-1.2
83.680813,0.0
83.780937,0.6
83.880989,-0.2
83.980788,0.3
84.080927,-0.1
84.180873,0.2
84.280822,0.8
84.380902,0.9
84.480988,-0.6
84.580816,-2.1
84.680822,-5.4
84.780911,1.7
84.880192,0.1
84.980874,-1.0
85.080003,1.3
85.180837,0.4
85.280848,-2.8
85.380916,0.2
85.48002,0.5
86.180798,2.4
86.28083,0.4
86.380687,0.3
86.480935,0.5
86.580977,-0.5
86.680675,-0.6
86.780815,-0.1
86.880676,-0.6
86.980896,-1.9
87.080878,0.6
87.180944,-0.7
87.280688,-0.5
87.380778,-0.1
87.480805,-0.4
87.580934,0.8
87.680671,-0.4
87.780729,0.5
87.880672,0.4
87.980938,-0.8
88.080863,0.5
88.180858,-2.6
88.280936,-0.6
88.380951,1.2
88.480821,1.7
88.58067,0.5
88.680729,2.0
88.780668,-0.1
88.880663,1.2
88.980271,2.9
89.08093,1.6
89.180786,-0.8
89.280744,1.6
89.380925,1.6
89.480908,2.9
89.580712,2.1
89.680649,1.4
89.780641,0.4
89.880654,0.1
89.980668,1.1
90.080675,2.2
90.18079,1.7
90.280691,1.9
90.380969,1.3
90.480931,0.0
90.58084,-0.6
90.680645,1.1
90.780721,0.5
90.880641,0.0
90.980651,0.1
91.080701,0.1
91.180967,-0.5
91.280656,-1.5
91.380951,1.4
91.480684,-1.1
91.580694,-0.3
91.68094,0.5
91.780642,-1.3
91.880642,0.1
91.980643,-0.6
92.080663,-0.7
92.180848,-3.7
92.280902,2.7
92.380645,-2.7
92.480918,-3.1
92.580915,0.1
92.680744,-1.4
92.780638,-2.8
92.880625,-3.7
92.980639,-4.6
93.080189,-2.8
93.180668,-3.2
93.280936,-1.1
93.380928,0.9
93.480871,3.4
93.580867,5.5
93.680658,5.5
93.780661,4.8
93.88083,0.3
93.980626,2.8
94.080625,0.0
94.180703,1.6
94.280943,0.3
94.380673,0.7
94.480894,0.3
94.580855,-0.2
94.680715,0.3
94.780747,-2.7
94.880613,-0.2
94.980618,-1.4
95.08063,-1.7
95.180709,-4.0
95.280673,-4.5
95.380719,-3.1
95.480638,-3.7
95.580693,-2.3
95.680861,-0.4
95.78063,2.1
95.880609,1.6
95.980605,5.3
96.080595,3.4
96.180633,1.9
96.280645,1.0
96.380841,1.1
96.480677,0.8
96.580622,-0.1
96.680877,1.3
96.780747,-1.0
96.880614,-0.1
96.980602,-3.4
97.080609,-2.1
97.179996,-5.0
97.280861,-3.7
98.080592,3.6
98.180657,2.4
98.280654,1.0
98.380612,0.0
98.480657,0.5
98.580735,-0.4
98.680604,-0.1
100.880866,-2.0
101.180576,-1.0
101.280839,-0.9
101.380715,-0.7
101.480668,-1.0
101.580719,-1.3
101.680677,-0.4
101.780884,-1.9
101.880867,-0.9
101.980573,-1.0
102.080563,-1.0
102.180575,-3.3
102.280572,0.0
102.380875,2.3
102.480673,0.5
102.580596,-0.3
102.6809,-1.4
102.780599,-1.0
102.880855,-1.1
102.980669,-3.5
103.080568,0.2
103.180585,2.2
103.280621,1.6
103.380703,1.6
103.480667,0.0
103.580713,-2.4
103.680583,-1.1
103.780678,1.1
103.880698,-0.4
103.980687,1.5
104.08056,0.8
104.18055,-0.6
104.28067,-1.8
104.38059,-1.7
104.480873,-1.2
104.580607,1.8
104.680556,2.6
104.780632,-2.0
104.880612,0.0
104.980886,-1.5
105.080561,-0.4
105.180656,-1.2
105.280636,2.6
105.380837,-1.8
105.480719,-1.3
105.580602,1.1
106.380591,-0.9
106.580688,-0.6
106.680717,1.6
106.780654,0.7
106.880597,0.0
106.980733,0.7
107.080651,1.2
107.180535,3.0
107.280541,2.2
107.380633,-1.5
107.480626,0.8
107.580558,1.1
107.680609,-2.5
107.780593,-2.7
107.880704,2.8
107.980665,0.2
108.080537,-1.1
108.180531,0.1
108.280546,1.3
108.380538,0.0
108.480561,-0.5
108.580695,2.6
108.680658,0.4
110.980635,-2.0
111.080623,-1.4
111.180511,1.6
111.280525,-0.7
111.380518,-1.2
111.480624,-1.3
111.580641,-0.5
111.680664,0.8
111.78064,1.5
111.980572,1.3
112.080709,-0.6
112.180507,-0.6
112.280649,-1.5
116.380522,-0.5
119.780571,-6.8
119.880736,-6.6
119.980592,-6.4
120.080714,-6.1
120.180541,-5.6
120.280717,-5.5
120.380701,-5.0
120.780653,-3.3
120.880691,-3.3
120.980627,-3.2
121.280685,-3.5
121.380668,-3.7
121.580547,-3.7
121.680548,-3.6
122.080721,-3.2
122.480551,-3.1
122.580543,-2.8
122.680536,-2.7
122.780561,-2.6
122.880714,-2.4
122.980637,-2.1
123.080573,-1.8
123.180642,-1.3
123.280568,-0.9
123.380714,-0.3
123.580538,0.2
123.680552,0.2
123.780544,0.0
123.880742,-0.1
123.980699,-0.4
124.080658,-0.7
124.180578,-1.0
124.280588,-1.3
124.380628,-1.7
124.480726,-2.0
124.580563,-2.4
124.680547,-2.9
124.780535,-3.5
124.880707,-4.1
124.980682,-4.8
125.0807,-5.6
125.180752,-6.4
125.280583,-7.3
125.380555,-8.2
125.480697,-9.2
125.580546,-10.2
125.680552,-11.2
125.78054,-12.2
125.880593,-13.1
125.980668,-14.0
126.180654,-15.3
126.28057,-15.7
126.58056,-16.6
126.680539,-16.8
126.780558,-17.1
126.880612,-17.3
127.080617,-17.6
127.180611,-17.7
127.380648,-17.9
127.480702,-17.9
127.580546,-17.8
127.780548,-17.3
127.880581,-16.8
127.98058,-16.2
128.180608,-14.5
128.280672,-13.3
128.480611,-10.7
128.580714,-9.4
128.780544,-6.6
128.980592,-3.9
129.38067,1.5
129.480683,2.8
129.580702,4.1
129.680548,5.3
129.780567,6.3
129.88058,7.2
129.980598,7.9
130.080718,8.5
130.180614,9.0
130.280589,9.3
130.380655,9.5
130.480578,9.5
130.580648,9.4
130.680679,9.1
130.780566,8.6
130.880555,7.9
130.980698,7.0
131.080738,6.1
131.180666,4.9
131.280646,3.6
131.380648,2.2
131.48073,0.8
131.680558,-2.0
131.780572,-3.5
131.880567,-4.9
131.980705,-6.2
132.18071,-8.6
132.280668,-9.7
132.380666,-10.8
132.480627,-11.9
132.780559,-14.8
132.880546,-15.8
132.980699,-16.7
133.180669,-18.4
133.280732,-19.1
133.380576,-19.8
133.480668,-20.5
133.680692,-21.8
133.780554,-22.2
133.880554,-22.7
133.980546,-23.1
134.080761,-23.7
134.180669,-24.0
134.280635,-24.4
134.380598,-24.7
134.680606,-25.6
135.08058,-26.4
135.180756,-26.5
135.280651,-26.6
135.380614,-26.7
135.480726,-26.9
135.580554,-27.0
135.980563,-27.4
136.080597,-27.4
136.180764,-27.5
136.280615,-27.6
136.380684,-27.7
136.480633,-27.8
136.580746,-27.8
136.680612,-27.9
136.780561,-28.0
136.880543,-28.1
137.080573,-28.2
137.480668,-28.5
137.580683,-28.5
137.680718,-28.6
137.780575,-28.7
137.880579,-28.8
137.98058,-28.9
138.080723,-28.8
138.18065,-28.9
140.780583,-30.3
140.980576,-30.4
141.080566,-30.5
141.180565,-30.5
141.280622,-30.6
141.380739,-30.6
141.480728,-30.6
141.58057,-30.7
141.680624,-30.7
141.780677,-30.8
141.880684,-30.8
141.98055,-30.9
142.080566,-31.0
142.18057,-31.0
142.280619,-31.1
142.380643,-31.0
142.480706,-31.1
142.580795,-31.1
142.680606,-31.2
142.780765,-31.2
142.880654,-31.2
142.980586,-31.3
143.080563,-31.3
143.18057,-31.3
143.280763,-31.3
143.380752,-31.2
143.480683,-31.3
143.580672,-31.3
143.680661,-31.3
143.780601,-31.3
143.88061,-31.3
143.980564,-31.2
144.080581,-31.2
144.180571,-31.2
144.280568,-31.1
144.380708,-31.1
144.480587,-31.0
144.580597,-31.0
144.680607,-30.9
144.780763,-30.9
144.880652,-30.9
144.980657,-30.8
145.080581,-30.7
145.180567,-30.7
145.280573,-30.7
145.380645,-30.6
145.480626,-30.5
145.580733,-30.5
145.68062,-30.5
145.780665,-30.5
145.880711,-30.5
145.980775,-30.5
146.080576,-30.5
146.180584,-30.5
146.280571,-30.6
146.380742,-30.6
146.480692,-30.7
146.580614,-30.8
146.680731,-30.8
146.7806,-30.9
146.880774,-31.1
146.980678,-31.1
147.080572,-31.3
147.180708,-31.4
147.280581,-31.5
148.98071,-34.3
149.080651,-34.4
149.180623,-34.5
149.280677,-34.6
149.380586,-34.7
149.480638,-34.8
149.580745,-34.9
149.68076,-34.9
149.780784,-35.0
149.880672,-35.0
149.980676,-35.0
150.080608,-34.9
150.180602,-34.9
150.280581,-34.9
150.380587,-34.7
150.48063,-34.7
150.580751,-34.5
150.680725,-34.4
150.780707,-34.2
150.880669,-33.9
150.980598,-33.7
151.080647,-33.4
151.180585,-33.1
151.280595,-32.8
151.380587,-32.4
151.480579,-32.0
151.580713,-31.6
151.680656,-31.1
151.780625,-30.6
151.880707,-30.1
151.980694,-29.6
152.080628,-29.0
152.180588,-28.4
152.280594,-27.8
152.380595,-27.1
152.480695,-26.4
152.580723,-25.7
152.680684,-24.9
152.780701,-24.1
152.880735,-23.3
152.98069,-22.5
153.080761,-21.6
153.18059,-20.7
153.28059,-19.7
153.3806,-18.8
153.480705,-17.7
153.580713,-16.6
153.68071,-15.6
153.780679,-14.4
153.880668,-13.3
153.980743,-12.1
154.080674,-10.8
154.18075,-9.6
154.28059,-8.3
154.380583,-7.0
154.480659,-5.7
154.580712,-4.3
154.680645,-3.0
154.780632,-1.5
154.88076,-0.1
154.980702,1.2
155.080721,2.6
155.180593,4.1
155.2806,5.5
155.380588,7.0
155.480602,8.4
155.580757,9.9
155.680729,11.3
155.780614,12.7
155.880657,14.1
155.980763,15.5
156.080781,16.9
156.1807,18.2
156.280578,19.5
156.380579,20.8
156.580708,23.3
156.680649,24.4
156.780637,25.4
156.880718,26.5
156.980626,27.4
157.080754,28.3
157.18061,29.1
157.280579,29.8
157.380593,30.4
157.480594,30.9
157.580929,31.3
157.680771,31.6
157.780652,31.8
157.880602,31.9
157.980783,31.8
158.080736,31.6
158.180714,31.3
158.280593,30.8
158.380589,30.2
158.480582,29.5
158.580652,28.6
158.680694,27.5
158.780717,26.4
158.880591,25.1
158.980645,23.6
159.080694,22.1
159.180632,20.3
159.280689,18.5
159.380599,16.5
159.480604,14.5
159.580583,12.3
159.680617,10.0
159.780711,7.7
159.880811,5.3
159.980772,2.8
160.080703,0.3
160.180628,-2.2
160.280703,-4.8
160.380608,-7.3
160.480605,-9.8
160.580655,-12.3
160.6807,-14.8
160.780801,-17.2
160.880745,-19.4
160.980692,-21.6
161.080764,-23.7
161.180695,-25.6
161.280774,-27.3
161.480579,-30.2
161.680662,-32.3
161.780811,-33.0
161.880774,-33.4
161.980801,-33.6
162.080665,-33.6
162.180676,-33.2
162.280696,-32.6
162.380614,-31.7
162.480615,-30.6
162.58062,-29.2
162.680613,-27.6
162.780775,-25.6
162.880645,-23.6
162.980663,-21.3
163.080651,-18.7
163.180753,-16.0
163.280713,-13.2
163.380614,-10.2
163.480598,-7.2
163.580599,-4.0
163.680656,-0.8
163.780657,2.3
163.880751,5.5
163.980721,8.6
164.080625,11.7
164.180732,14.7
164.2807,17.5
164.380696,20.2
164.480686,22.7
164.580604,24.9
164.680601,26.9
164.780602,28.5
164.880786,30.0
164.980716,31.0
165.080729,31.7
165.180829,32.1
165.28067,32.1
165.380637,31.8
165.48069,31.0
165.5806,29.9
165.680601,28.4
165.780616,26.5
165.880687,24.4
165.980784,21.9
166.080609,19.1
166.1807,16.1
166.280629,12.8
166.38061,9.3
166.480646,5.7
166.580596,2.1
166.680611,-1.6
166.780598,-5.4
166.880662,-9.0
166.980775,-12.6
167.080781,-16.1
167.180787,-19.4
167.280787,-22.4
167.380825,-25.2
167.480733,-27.6
167.580626,-29.6
167.780628,-32.4
167.880615,-33.2
167.980798,-33.5
168.080698,-33.3
168.180749,-32.6
168.280789,-31.4
168.380758,-29.8
168.480674,-27.6
168.580605,-25.2
168.680619,-22.3
168.780598,-19.0
168.880768,-15.5
168.980644,-11.6
169.080715,-7.7
169.180673,-3.6
169.280661,0.5
169.380754,4.7
169.480805,8.8
169.580621,12.7
169.680624,16.5
169.780612,19.9
169.880754,23.1
169.980632,25.8
170.080665,28.2
170.180688,30.0
170.280738,31.3
170.380712,32.1
170.580641,31.8
170.680598,30.9
170.780617,29.5
170.880616,27.4
170.980739,24.8
171.080736,21.8
171.180622,18.3
171.28065,14.6
171.380818,10.4
171.480799,6.1
171.580751,1.6
171.680612,-2.8
171.780617,-7.3
171.880612,-11.6
171.980817,-15.8
172.080788,-19.7
172.180667,-23.3
172.280708,-26.3
172.38065,-29.0
172.58071,-32.5
172.680599,-33.3
172.780605,-33.5
172.880622,-33.0
172.980701,-31.8
173.080747,-30.0
173.180652,-27.6
173.280759,-24.6
173.380835,-21.1
173.480769,-17.2
173.580774,-12.9
173.680696,-8.3
173.780623,-3.6
173.8806,1.2
173.980705,6.0
174.080807,10.6
174.180646,15.1
174.280791,19.2
174.380662,22.9
174.480715,26.1
174.580674,28.6
174.680775,30.6
174.780619,31.8
174.880632,32.3
174.980615,32.1
175.080793,31.1
175.180699,29.4
175.280767,26.9
175.380809,23.9
175.480718,20.3
175.580674,16.1
175.68079,11.5
175.780629,6.7
175.880606,1.7
175.980625,-3.3
176.080795,-8.4
176.18081,-13.3
176.280731,-17.8
176.380748,-22.0
176.480626,-25.6
176.580798,-28.6
176.6808,-31.0
176.780616,-32.6
176.880611,-33.4
176.980616,-33.4
177.08062,-32.5
177.180772,-30.8
177.280699,-28.3
177.380808,-25.2
177.480686,-21.4
177.580641,-17.0
177.680789,-12.2
177.780621,-7.1
177.880603,-1.8
177.980608,3.5
178.080643,8.7
178.180715,13.8
178.280721,18.4
178.380636,22.5
178.480718,26.1
178.580695,28.9
178.680653,30.9
178.780608,32.0
178.880616,32.4
178.980635,31.7
179.080642,30.1
179.180625,27.8
179.280756,24.6
179.380647,20.7
179.480773,16.2
179.580841,11.2
179.680805,5.9
179.780794,0.4
179.880608,-5.1
179.980622,-10.5
180.080626,-15.7
180.180791,-20.4
180.28063,-24.7
180.380672,-28.1
180.480649,-30.8
180.58081,-32.6
180.680647,-33.4
180.780663,-33.3
180.880627,-32.1
180.980619,-30.1
181.080631,-27.2
181.180618,-23.4
181.280662,-19.0
181.380726,-14.0
181.480795,-8.5
181.580718,-2.8
181.680732,2.9
181.78073,8.6
181.880618,14.0
181.980619,18.9
182.080627,23.3
182.180745,26.9
182.280833,29.7
182.380672,31.5
182.480678,32.3
182.580675,32.1
182.680796,30.8
182.780744,28.5
182.880632,25.3
182.980638,21.2
183.080623,16.5
183.180825,11.1
183.280662,5.4
183.380717,-0.5
183.48072,-6.4
183.580831,-12.2
183.680722,-17.6
183.780837,-22.4
183.880646,-26.5
183.98062,-29.7
184.080624,-32.0
184.180812,-33.3
184.280825,-33.4
184.380814,-32.4
184.480706,-30.3
184.580629,-27.2
184.680759,-23.2
184.780716,-18.4
184.880624,-13.0
184.980634,-7.1
185.080633,-1.1
185.180636,5.0
185.280739,10.9
185.380643,16.5
185.480826,21.4
185.580779,25.7
185.680799,28.9
185.780655,31.2
185.880681,32.3
185.980621,32.2
186.080625,31.0
186.180641,28.6
186.280677,25.1
186.380661,20.7
186.480703,15.6
186.580666,9.8
186.680786,3.7
186.780773,-2.5
186.880697,-8.8
186.980634,-14.7
187.080619,-20.2
187.180636,-24.9
187.280746,-28.7
187.380663,-31.5
187.480661,-33.1
187.580831,-33.4
187.6807,-32.6
187.780645,-30.5
187.880833,-27.3
187.980621,-23.1
188.080633,-18.0
188.180632,-12.2
188.280798,-6.0
188.38069,0.4
188.480695,6.8
188.580679,12.9
188.680743,18.5
188.780779,23.4
188.88084,27.4
188.980648,30.3
189.080629,31.9
189.180641,32.3
189.28062,31.4
189.380768,29.2
189.480697,25.9
189.58078,21.4
189.680711,16.2
189.780753,10.1
189.880669,3.7
189.980724,-2.9
190.080639,-9.4
190.180642,-15.5
190.380626,-25.9
190.480765,-29.6
190.580784,-32.1
190.680785,-33.3
190.780747,-33.2
190.880723,-31.8
190.980815,-29.0
191.08079,-25.0
191.180642,-20.1
191.280639,-14.3
191.38064,-7.9
191.480697,-1.1
191.58065,5.5
191.680646,11.9
191.780674,18.0
191.88065,23.2
191.980796,27.3
192.080781,30.3
192.180638,32.0
192.280631,32.3
192.380777,31.1
192.480823,28.7
192.580709,24.9
192.680667,20.0
192.780635,14.3
192.88067,7.8
192.980805,1.0
193.080754,-5.8
193.18063,-12.5
193.280645,-18.6
193.380637,-24.0
193.480751,-28.3
193.580785,-31.4
193.680663,-33.1
193.780746,-33.4
193.880679,-32.2
193.980776,-29.6
194.080818,-25.7
194.180644,-20.6
194.380637,-8.0
194.480683,-1.0
194.580765,5.9
194.680661,12.6
194.780818,18.7
194.880708,24.0
194.980713,28.1
195.080774,30.9
195.18064,32.3
195.280646,32.1
195.380638,30.4
195.480851,27.3
195.580687,22.9
195.680778,17.4
195.780807,11.0
195.880833,4.1
195.980789,-3.0
196.080824,-10.0
196.180654,-16.6
196.280646,-22.4
196.38063,-27.3
196.480631,-30.8
196.58079,-32.9
196.68078,-33.4
196.780835,-32.4
196.880668,-29.9
196.980726,-26.0
197.080706,-20.7
197.180653,-14.6
197.280647,-7.7
197.380657,-0.5
197.480649,6.7
197.580778,13.5
197.680775,19.7
197.780838,24.9
197.880795,28.9
197.980678,31.4
198.080658,32.3
198.180792,31.7
198.280646,29.4
198.380638,25.6
198.480644,20.5
198.580842,14.4
198.680754,7.5
198.78077,0.2
198.880827,-7.1
198.980819,-14.1
199.080711,-20.5
199.180657,-25.8
199.280664,-29.9
199.380639,-32.5
199.480658,-33.5
199.580733,-32.8
199.680789,-30.4
199.780826,-26.5
199.880817,-21.4
199.980806,-15.1
200.080778,-8.0
200.18071,-0.6
200.280643,6.8
200.380648,13.8
200.48065,20.2
200.580723,25.4
200.680701,29.3
200.780757,31.7
200.980653,31.3
201.080837,28.5
201.180667,24.3
201.380657,12.1
201.480659,4.8
201.580841,-2.7
201.680719,-10.2
201.780764,-17.2
201.880759,-23.2
201.980815,-28.1
202.08084,-31.5
202.180754,-33.3
202.280685,-33.2
202.380654,-31.5
202.480655,-28.1
202.580647,-23.2
202.680863,-16.9
202.780691,-9.9
202.880814,-2.3
202.980794,5.3
203.080796,12.6
203.180674,19.2
203.28079,24.9
203.380659,29.0
203.480664,31.6
203.58067,32.3
203.680798,31.3
203.780845,28.5
203.880668,24.1
203.980776,18.3
204.080836,11.4
204.180782,3.9
204.280768,-3.8
204.380655,-11.3
204.480656,-18.4
204.58067,-24.4
204.680663,-29.1
204.780779,-32.2
204.880697,-33.5
204.980796,-32.9
205.080684,-30.5
205.180841,-26.4
205.280801,-20.8
205.380706,-14.1
205.480652,-6.5
205.580666,1.2
205.680641,9.0
205.780783,16.2
205.880727,22.5
205.980689,27.4
206.080838,30.8
206.180673,32.3
206.280713,31.9
206.380663,29.6
206.480648,25.6
206.580652,20.0
206.680658,13.3
206.78071,5.7
206.880665,-2.2
206.980715,-10.0
207.080661,-17.3
207.180761,-23.7
207.280802,-28.6
207.380692,-31.9
207.48066,-33.4
207.580653,-32.9
207.680672,-30.6
207.780803,-26.4
207.880695,-20.6
207.980697,-13.7
208.080686,-6.0
208.180786,1.9
208.280836,9.8
208.380756,17.1
208.48078,23.4
208.580645,28.2
208.680664,31.2
208.780678,32.3
208.880742,31.5
208.980823,28.7
209.080796,24.1
209.180764,18.0
209.280721,10.8
209.380806,2.9
209.480657,-5.1
209.580661,-13.0
209.680649,-20.2
209.780664,-26.0
209.880784,-30.4
209.980718,-32.9
210.080783,-33.4
210.180664,-31.9
210.280767,-28.5
210.380662,-23.3
210.480704,-16.7
210.580662,-9.1
210.680667,-1.0
210.780664,7.1
210.880678,14.8
210.980835,21.6
211.080829,26.9
211.180718,30.6
211.280813,32.2
211.380828,31.9
211.480718,29.4
211.580667,25.1
211.68065,19.2
211.780682,11.9
211.88069,3.9
211.980679,-4.3
212.080806,-12.4
212.180853,-19.7
212.280723,-25.8
212.480694,-32.9
212.580667,-33.5
212.680651,-31.9
212.780665,-28.3
212.880699,-22.9
212.980726,-16.1
213.080827,-8.2
213.180822,0.0
213.280824,8.3
213.38076,16.0
213.480722,22.6
213.580663,27.8
213.680678,31.1
213.78067,32.3
213.880678,31.4
213.980882,28.4
214.080787,23.5
214.180737,17.0
214.28073,9.4
214.380753,1.0
214.480842,-7.3
214.58076,-15.3
214.680665,-22.3
214.780671,-27.9
214.880653,-31.7
214.980691,-33.4
215.080699,-32.9
215.180816,-30.4
215.280832,-25.8
215.380856,-19.5
215.480724,-11.9
215.580823,-3.6
215.680661,4.8
215.780667,13.0
215.880653,20.2
215.980682,26.1
216.080743,30.2
216.180807,32.2
216.280876,31.9
216.380705,29.5
216.480806,25.1
216.580857,18.8
216.680658,11.3
216.780663,3.0
216.880667,-5.5
216.98075,-13.8
217.080844,-21.2
217.180764,-27.1
217.28077,-31.3
217.38082,-33.3
217.480676,-33.1
217.580753,-30.7
217.680684,-26.1
217.780686,-19.9
217.880667,-12.3
217.980789,-3.9
218.080683,4.7
218.180755,13.0
218.280705,20.4
218.380817,26.3
218.480713,30.3
218.580696,32.2
218.680676,31.8
218.780669,29.1
218.880681,24.4
218.980678,17.9
219.080786,10.1
219.180806,1.6
219.280772,-7.1
219.380757,-15.3
219.480745,-22.5
219.580755,-28.3
219.680876,-31.9
219.780669,-33.5
219.880677,-32.7
219.980665,-29.6
220.080856,-24.4
220.18079,-17.6
220.280801,-9.5
220.380746,-0.8
220.480782,7.8
220.580677,16.0
220.680741,22.9
220.780686,28.2
220.880685,31.4
220.980673,32.3
221.080746,30.9
221.180768,27.1
221.280854,21.4
221.380861,14.2
221.480823,5.7
221.580821,-3.0
221.680849,-11.7
221.780682,-19.5
221.880673,-26.1
221.980678,-30.7
222.08087,-33.2
222.180762,-33.2
222.280747,-31.0
222.380858,-26.5
222.48082,-20.1
222.580723,-12.3
222.680709,-3.6
222.7807,5.3
222.880678,13.7
222.980675,21.2
223.080847,27.0
223.180765,30.8
223.280743,32.3
223.380734,31.3
223.480699,28.0
223.580819,22.6
223.680708,15.5
223.780731,7.1
223.880688,-1.7
223.98068,-10.6
224.080692,-18.7
224.180726,-25.4
224.280843,-30.4
224.380698,-33.1
224.480827,-33.3
224.580863,-31.1
224.680785,-26.7
224.780793,-20.3
224.880681,-12.3
224.980682,-3.5
225.080686,5.4
225.180777,14.1
225.280847,21.5
225.380764,27.3
225.480764,31.0
225.580872,32.2
225.680815,31.2
225.780789,27.5
225.880736,21.8
225.98068,14.3
226.080683,5.7
226.180673,-3.2
226.280852,-12.1
226.380868,-20.1
226.480725,-26.6
226.68069,-33.4
226.780832,-33.0
226.880729,-30.2
226.980687,-25.1
227.080686,-18.1
227.180684,-9.8
227.280731,-0.7
227.380748,8.2
227.480737,16.6
227.580788,23.7
227.680724,28.9
227.780774,31.8
227.880776,32.1
227.980694,30.0
228.080684,25.4
228.180687,18.9
228.280774,10.8
228.380745,1.8
228.480743,-7.3
228.580876,-16.0
228.680768,-23.5
228.780836,-29.1
228.880698,-32.6
228.980696,-33.4
229.080686,-31.8
229.180676,-27.7
229.28082,-21.5
229.380829,-13.6
229.480792,-4.6
229.580705,4.5
229.680781,13.4
229.780708,21.1
229.880833,27.2
229.980663,31.0
230.080666,32.3
230.180678,31.0
230.280671,27.1
230.380726,21.1
230.48083,13.4
230.580787,4.5
230.680724,-4.7
230.780743,-13.7
230.880819,-21.6
230.980777,-27.9
231.080667,-32.0
231.18067,-33.5
231.280676,-32.4
231.380821,-28.8
231.480711,-22.8
231.580836,-15.1
231.680688,-6.2
231.780852,3.1
231.88073,12.1
231.980806,20.1
232.080665,26.5
232.180655,30.7
232.280656,32.3
232.380734,31.2
232.480803,27.6
232.580827,21.6
232.680816,13.8
232.780778,4.9
232.880868,-4.4
232.980731,-13.5
233.080649,-21.6
233.180653,-27.9
233.280654,-32.0
233.380764,-33.5
233.480688,-32.4
233.580742,-28.6
233.780758,-14.6
233.880773,-5.5
233.980642,3.8
234.080658,12.9
234.280671,27.1
234.38065,31.0
234.480813,32.3
234.58071,30.8
234.680843,26.8
234.780854,20.4
234.880656,12.3
234.98076,3.1
235.080838,-6.3
235.180645,-15.3
235.280655,-23.2
235.380648,-29.1
235.480792,-32.6
235.580654,-33.5
235.680779,-31.6
235.780834,-27.1
235.88073,-20.4
235.98066,-12.0
236.080663,-2.7
236.180643,6.8
236.28064,15.7
236.380747,23.3
236.480561,28.7
236.580792,31.8
236.680661,32.1
236.780779,29.6
236.880841,24.6
236.980691,17.4
237.080725,8.7
237.180622,-0.7
237.280624,-10.2
237.380651,-18.9
237.480693,-26.0
237.580723,-31.0
237.680827,-33.3
237.780684,-32.9
237.880688,-29.7
237.980794,-24.1
238.080731,-16.4
238.180636,-7.3
238.280615,2.2
238.380621,11.6
238.480616,20.0
238.580721,26.5
238.680749,30.8
238.780751,32.3
238.88074,31.0
238.980676,26.9
239.080776,20.5
239.180613,12.3
239.280623,2.9
239.380616,-6.7
239.480599,-15.9
239.580628,-23.7
239.680737,-29.6
239.780671,-32.8
239.880795,-33.4
239.980818,-31.1
240.080643,-26.1
240.180641,-18.9
240.280602,-10.1
240.380616,-0.4
240.4806,9.1
240.580681,17.9
240.680644,25.0
240.78068,29.9
240.880636,32.1
240.980686,31.5
241.080595,28.1
241.180792,22.1
241.380604,4.7
241.480609,-5.0
241.58075,-14.4
241.680671,-22.6
241.780623,-28.7
241.880668,-32.6
241.980604,-33.5
242.080726,-31.5
242.180601,-26.8
242.280594,-19.8
242.380582,-11.1
242.480601,-1.4
242.580676,8.2
242.680619,17.2
242.780626,24.6
242.880639,29.7
242.98069,32.2
243.08067,31.6
243.180611,28.2
243.280604,22.2
243.380587,14.2
243.480588,4.9
243.580684,-4.9
243.680786,-14.4
243.780603,-22.6
243.880608,-28.9
243.98065,-32.6
244.080776,-33.5
244.180611,-31.4
244.280573,-26.5
244.380579,-19.3
244.480593,-10.4
244.580586,-0.6
244.680615,9.1
244.780786,18.0
244.880343,25.2
244.980553,30.1
245.080313,32.2
245.180399,31.3
245.280277,27.6
245.380212,21.2
245.480214,12.8
245.580206,3.2
245.680501,-6.6
245.780577,-16.0
245.880308,-23.9
245.980244,-29.8
246.080415,-33.0
246.180423,-33.3
246.280446,-30.5
246.380204,-25.1
246.480201,-17.3
246.580202,-8.1
246.680342,1.8
246.780378,11.5
246.880422,20.1
246.980322,26.8
247.080449,31.0
247.180509,32.3
247.280554,30.5
247.380191,25.9
247.480197,18.8
247.580189,9.9
247.680281,0.0
247.78033,-9.8
247.880236,-18.9
247.980215,-26.3
248.080514,-31.3
248.180472,-33.5
248.280288,-32.6
248.380334,-28.8
248.48034,-22.3
248.680219,-4.1
248.780429,5.9
248.880347,15.3
248.980383,23.3
249.080456,29.0
249.180423,31.9
249.280293,31.8
249.38021,28.7
249.480334,22.8
249.58034,14.8
249.680332,5.3
249.780402,-4.7
249.880478,-14.5
249.980281,-22.9
250.180539,-32.8
250.280423,-33.4
250.380445,-30.9
250.480335,-25.6
250.580327,-17.9
250.68032,-8.5
250.780326,1.5
250.880396,11.4
250.980527,20.1
251.080203,26.8
251.180229,31.1
251.280513,32.2
251.380417,30.3
251.480348,25.4
251.580324,18.0
251.680316,8.9
251.780283,-1.1
251.880279,-11.1
251.980398,-20.1
252.080339,-27.3
252.180427,-32.0
252.280371,-33.6
252.380254,-32.0
252.48031,-27.5
252.580315,-20.5
252.680308,-11.5
252.780318,-1.4
252.88042,8.6
252.980517,17.8
253.080405,25.3
253.180285,30.2
253.280367,32.2
253.38035,31.1
253.480326,26.9
253.580307,20.0
253.680295,11.1
253.780292,1.2
253.880266,-9.0
253.980355,-18.3
254.080354,-26.0
254.180468,-31.2
254.280417,-33.5
254.380379,-32.6
254.480509,-28.6
254.580295,-21.8
254.680287,-13.1
254.780301,-3.1
254.880477,7.1
254.980402,16.5
255.080365,24.3
255.180391,29.7
255.280381,32.1
255.380289,31.4
255.480292,27.5
255.580286,20.8
255.680279,12.1
255.780284,2.1
255.880279,-8.1
255.980455,-17.6
256.080398,-25.5
256.180371,-31.0
256.280293,-33.5
256.380215,-32.7
256.480237,-28.8
256.580365,-22.2
256.680269,-13.4
256.780274,-3.4
256.880274,6.8
256.980398,16.4
257.080446,24.2
257.180447,29.7
257.28033,32.2
257.380476,31.4
257.480304,27.4
257.580499,20.6
257.680266,11.8
257.780267,1.7
257.880258,-8.5
257.980365,-18.0
258.080409,-25.9
258.18043,-31.2
258.280335,-33.5
258.380292,-32.5
258.480236,-28.4
258.580392,-21.5
258.680253,-12.6
258.780259,-2.4
258.880259,7.9
258.980353,17.4
259.080313,25.0
259.180342,30.2
259.280358,32.2
259.3804,31.0
259.480402,26.6
259.580324,19.5
259.680241,10.3
259.780242,0.1
259.880228,-10.1
259.980247,-19.5
260.080467,-27.0
260.180343,-31.9
260.280274,-33.6
260.380395,-32.0
260.480374,-27.2
260.580389,-19.9
260.780247,-0.2
260.880229,10.0
260.980283,19.3
261.080343,26.5
261.18033,30.9
261.28034,32.2
261.380382,30.2
261.480397,25.0
261.580306,17.3
261.680237,7.7
261.780234,-2.6
261.880247,-12.9
261.980235,-21.8
262.080353,-28.7
262.180339,-32.7
262.280297,-33.5
262.380383,-30.8
262.480372,-25.2
262.580385,-17.0
262.68029,-7.2
262.780226,3.2
262.880212,13.2
262.980227,22.0
263.080345,28.4
263.180226,31.8
263.280329,31.9
263.380486,28.7
263.480337,22.5
263.680401,3.9
263.780209,-6.6
263.880204,-16.5
263.980205,-24.8
264.080396,-30.6
264.180388,-33.4
264.280426,-32.8
264.380309,-28.9
264.48039,-22.0
264.580273,-13.1
264.680402,-2.2
264.780201,7.6
264.8802,17.4
264.980202,25.1
265.0802,30.3
265.180267,32.2
265.280318,30.8
265.48034,18.7
265.58023,9.2
265.680265,-1.2
265.780531,-12.1
265.880346,-21.3
265.980193,-28.1
266.080205,-32.4
266.180325,-33.5
266.280508,-31.1
266.380298,-25.6
266.580272,-7.6
266.680407,3.4
266.78029,13.0
266.880197,21.9
266.980198,28.3
267.080223,31.8
267.180237,31.9
267.28023,28.5
267.38044,22.1
267.480451,12.9
267.58044,2.6
267.680291,-7.4
267.780464,-17.8
267.880211,-25.5
268.080211,-33.5
268.180388,-32.3
268.280392,-28.1
268.380408,-20.4
268.480207,-11.5
268.680423,9.9
268.780451,19.4
268.880203,26.4
268.980204,30.9
269.180375,29.8
269.48037,6.1
269.68059,-14.8
269.780494,-23.2
273.180208,19.9
273.780258,-32.4
273.980275,-30.9
274.28032,-7.0
274.580247,22.8
274.680289,29.0
274.780351,32.0
274.880345,31.3
275.180348,10.5
275.280253,-0.1
275.580372,-27.8
275.680224,-32.3
275.780274,-33.5
275.880307,-31.1
276.080214,-17.3
276.180217,-7.2
276.280209,3.5
276.380311,14.5
276.780295,31.4
276.880356,27.1
277.180253,-0.3
277.280219,-10.5
277.480434,-28.1
277.580444,-32.5
277.880354,-24.9
278.280206,14.7
278.380211,23.3
278.480343,29.6
278.6803,31.1
278.880403,19.0
279.180226,-12.2
279.280218,-21.6
279.580424,-33.4
279.880469,-15.0
279.980429,-4.5
280.180213,16.5
280.58031,30.6
280.780362,17.5
281.080426,-14.0
281.480226,-33.1
