T,gyro_5f_ax
-19.919338,3
-19.819524,3
-19.71952,6
-19.619519,2
-19.518528,8
-19.41934,4
-19.31937,5
-19.219452,1
-19.119422,2
-19.019459,2
-18.919519,3
-18.819517,3
-18.719524,6
-18.619528,4
-18.51907,3
-18.419363,5
-18.319348,3
-18.218536,4
-18.119513,3
-18.018535,5
-17.919416,0
-17.819538,4
-17.718552,4
-17.619536,4
-17.519468,3
-17.418494,2
-17.319397,4
-17.219453,5
-17.119502,3
-17.019538,4
-16.919504,4
-16.819422,2
-16.719541,4
-16.619535,3
-16.519543,2
-16.419108,5
-16.319474,4
-16.218482,1
-16.119374,1
-16.019491,3
-15.919415,4
-15.819429,2
-15.719483,3
-15.619543,6
-15.519542,5
-15.419081,1
-15.319367,3
-15.21903,3
-15.119441,4
-15.018503,4
-14.918526,2
-14.819467,3
-14.719491,3
-14.61856,2
-14.519423,3
-14.418544,2
-14.31938,5
-14.219408,4
-14.119473,3
-14.019493,3
-13.919491,3
-13.819515,5
-13.719553,3
-13.618571,2
-13.51956,4
-13.419567,3
-13.31855,2
-13.219382,1
-13.119542,3
-13.019528,3
-12.919354,5
-12.819555,4
-12.718493,5
-12.619571,3
-12.519565,1
-12.419573,2
-12.319428,3
-12.219451,4
-12.119398,3
-12.018552,2
-11.919393,3
-11.819449,0
-11.719368,3
-11.61957,4
-11.519569,4
-11.419576,3
-11.319468,3
-11.219514,4
-11.119523,5
-11.019047,6
-10.919439,2
-10.819474,5
-10.719556,3
-10.619574,4
-10.51959,2
-10.419576,1
-10.319393,5
-10.218556,2
-10.118507,4
-10.018571,3
-9.919483,3
-9.819437,4
-9.718534,4
-9.619587,6
-9.519594,5
-9.419589,3
-9.319536,4
-9.219408,4
-9.119465,4
-9.019055,3
-8.919429,4
-8.819391,1
-8.719522,5
-8.61959,5
-8.519598,5
-8.419588,3
-8.319595,3
-8.21947,2
-8.119391,1
-8.019354,6
-7.919425,4
-7.819463,5
-7.719329,4
-7.618505,2
-7.519593,5
-7.419596,4
-7.319604,5
-7.219458,2
-7.119334,4
-7.01855,3
-6.919523,3
-6.819401,4
-6.719085,3
-6.619531,5
-6.519539,3
-6.419604,5
-6.319612,6
-6.21849,2
-6.118607,0
-6.019499,4
-5.918591,-2
-5.81848,16
-5.719381,1
-5.619491,-3
-5.519614,26
-5.419617,-8
-5.319611,-9
-5.219513,2
-5.118623,4
-5.01943,7
-4.919516,6
-4.81853,0
-4.719422,9
-4.61944,7
-4.519552,5
-4.418636,6
-4.319624,-1
-4.218539,0
-4.118615,7
-4.018631,0
-3.918536,-1
-3.819562,9
-3.719438,9
-3.61945,-1
-3.51963,4
-3.419629,-1
-3.319624,1
-3.219631,8
-3.118615,2
-3.019505,-2
-2.918517,12
-2.819397,-23
-2.718613,15
-2.618549,18
-2.518539,13
-2.41962,-1
-2.319627,9
-2.219639,0
-2.118611,3
-2.018614,1
-1.918532,4
-1.819509,8
-1.718527,5
-1.619416,5
-1.518564,6
-1.419637,3
-1.319644,-5
-1.219639,17
-1.118645,-3
-1.018501,-15
-0.918569,-3
-0.818582,3
-0.718612,10
-0.618504,16
-0.518503,0
-0.41961,-13
-0.319644,8
-0.219651,0
-0.119486,22
-0.019545,12
0.080579,-10
0.181462,-22
0.281499,14
0.381382,-5
0.480522,6
0.580356,0
0.680339,108
0.781392,89
0.881334,101
0.980526,-34
1.080528,-96
1.181431,-3
1.281448,200
1.381353,-70
1.481371,-29
1.581474,-25
1.681492,-23
1.781467,193
1.881449,206
1.980393,-200
2.080492,-32
2.180545,5
2.280483,-211
2.380507,-205
2.481416,-72
2.58135,-38
2.681474,-45
2.781448,163
2.881443,16
2.981195,-121
3.08052,82
3.180508,84
3.280599,72
3.380478,12
3.480521,72
3.58145,174
3.681307,95
3.781462,-72
3.881453,136
3.98063,-128
4.080572,-5
4.181401,-24
4.280635,-98
4.381372,-28
4.481348,-122
4.580577,-41
4.681338,93
4.781449,-23
4.881431,-113
4.981437,-53
5.08141,70
5.181297,0
5.281327,-138
5.381317,-48
5.481319,-94
5.580601,-93
6.08057,-98
6.181333,124
6.281402,62
6.381312,9
6.481394,129
6.580556,-35
6.681408,62
6.781423,36
6.881422,20
6.981428,-52
7.08048,-133
7.181385,107
7.281325,-120
7.381284,34
7.480534,-21
7.581489,-47
7.981424,141
8.081401,-54
8.180475,-71
8.281326,-94
8.380582,73
8.481344,72
8.581359,-103
8.681347,35
8.781429,38
8.881419,-78
8.981425,-33
9.081428,63
9.181314,84
9.281304,-55
9.480394,190
9.581389,103
9.681328,-35
9.781502,-10
9.881437,-46
9.981421,32
10.081397,20
10.181364,89
10.281467,-71
10.381311,131
10.681327,46
10.881398,35
10.981404,9
11.081424,108
11.18045,-101
11.281294,-75
11.381362,-44
11.481312,136
11.581394,-111
11.681475,52
11.780521,61
11.881399,8
11.9814,-179
12.08139,-72
12.181143,-16
12.381421,66
12.48054,35
12.581457,119
12.681301,-45
12.781488,20
12.881333,30
12.981392,-53
13.081399,17
13.181376,-169
13.281512,-13
13.381343,-159
13.481332,22
13.581494,163
13.681319,-230
13.780564,28
13.881425,-21
13.981393,0
14.08137,23
14.181382,0
14.280537,165
14.380562,66
14.481378,-12
14.581341,-101
14.680609,-54
14.781296,97
14.881331,-12
14.981381,55
15.080461,16
15.181378,-26
15.281206,-144
15.381414,39
15.480643,-57
15.581366,-30
15.681368,14
15.780526,-35
15.881343,-131
16.081371,29
16.181383,-1
16.280649,140
16.381428,-73
16.481418,-110
16.581355,82
16.680566,-14
16.780448,53
16.881491,118
16.981373,61
17.081376,-84
17.181384,64
17.281096,61
17.381349,-24
17.480606,40
17.581391,128
17.680438,-54
17.781443,34
17.980677,-59
18.081366,-57
18.28141,-31
18.381452,15
18.481356,28
18.581411,-189
18.681435,26
18.781441,-25
18.881358,-167
18.981465,-13
19.081339,-84
19.181351,36
19.281344,-86
19.380666,-21
19.48056,110
19.581508,-11
19.680573,-32
19.781389,128
19.880505,24
19.981407,-235
20.08134,-82
20.181343,4
20.28134,-6
20.380465,29
20.580504,-3
20.681329,-76
20.781305,53
20.881339,-13
20.981342,49
21.081354,-20
21.180504,-43
21.280514,-10
21.380429,-44
21.481526,-28
21.580557,61
21.680563,6
21.781334,-7
21.880666,26
21.981473,-29
22.081354,20
22.181344,64
22.281345,-7
22.381088,-6
22.481376,-83
22.581458,66
22.680502,-43
22.780566,10
22.880552,-148
22.981362,-211
23.081454,-24
23.181323,-134
23.281337,-68
23.381325,-21
23.480648,-55
23.580604,45
23.680468,32
23.781476,-223
23.880423,78
23.981465,-64
24.081516,39
24.181328,-55
24.281355,-48
24.381321,125
24.481532,27
24.581435,-109
24.68141,-72
24.781393,44
24.881335,-90
24.981411,-186
25.080511,-19
25.181315,-33
25.281316,-215
25.381335,27
25.481528,-45
25.581485,-150
25.681401,-91
25.781416,65
25.880702,-202
25.980645,-89
26.081448,36
26.181302,-138
26.281312,-133
26.381331,-106
26.481301,-71
26.58069,-117
26.681326,-242
26.780637,-17
26.881463,-206
26.981424,-197
27.081443,-97
27.181349,-60
27.281286,-41
27.381292,-154
27.481306,-12
27.580531,-88
27.6807,-181
27.781494,-180
27.881311,-106
27.980617,-169
28.081326,-125
28.181351,-148
28.281299,-197
28.3813,-256
28.481292,-218
28.581285,-229
28.68066,-270
28.781334,-65
28.881408,-104
28.981445,-138
29.081336,-191
29.181307,-268
29.281454,-193
29.381287,-143
29.481284,-122
29.581285,-204
29.681368,-203
29.780532,-245
29.88144,-133
29.981309,-170
30.081426,-168
30.181484,-189
30.281366,-213
30.380584,17
30.480599,-191
30.580595,-202
30.680616,-257
30.78147,-192
30.880601,-232
30.981464,-238
31.080564,-271
31.181315,-98
31.281343,-66
31.380592,-203
31.48058,-211
31.580599,-169
31.680392,-247
31.781426,-208
31.881484,-85
31.981447,-360
32.08134,-283
32.180675,-177
32.280523,-121
32.380588,-230
32.480581,-297
32.580569,-186
32.680664,-219
32.780502,-205
32.881294,-89
32.981442,-234
33.081401,-194
33.181461,-205
33.281344,-124
33.380575,-261
33.480577,-137
33.580578,-220
33.68057,-154
33.780615,-135
33.881465,-294
33.980526,-330
34.08144,-80
34.181341,-228
34.281436,-247
34.381478,-55
34.480569,-142
34.580583,-193
34.680571,-233
34.78146,-263
34.881332,-163
34.981422,-88
35.081416,-235
35.181494,-179
35.280531,-180
35.38139,-327
35.480552,-210
35.580557,-248
35.680558,-306
35.780615,-193
35.881347,-316
35.980575,-185
36.080473,-202
36.181351,-251
36.280504,-217
36.380641,-174
36.480557,-159
36.580562,-139
36.680555,-190
36.781461,-111
36.880475,-95
36.980513,-102
37.081453,-363
37.181474,-207
37.280516,-241
37.381383,-185
37.48056,-181
37.580552,-279
37.680558,-185
37.780546,-181
37.881383,-176
37.981386,-234
38.081306,-232
38.180456,-245
38.280597,-153
38.381337,-186
38.481405,-153
38.580553,-225
38.680545,-210
38.780551,-261
38.880498,-254
38.980452,-65
39.081365,-108
39.181478,-220
39.280495,-265
39.380465,-170
39.480511,-65
39.580545,-96
39.680555,-194
39.780543,-160
39.880532,-188
39.981407,-248
40.081353,-105
40.181365,-173
40.280479,-277
40.380494,-253
40.481439,-208
40.580544,-197
40.680532,-169
40.780541,-265
40.880594,-246
40.981389,-262
41.080534,-103
41.181413,-103
41.2805,-146
41.381456,-183
41.481413,-246
41.580535,-169
41.680523,-188
41.780538,-379
41.881324,-229
41.981347,-114
42.080545,-80
42.180553,-174
42.28136,-141
42.380567,-198
42.480544,-266
42.580509,-213
42.680515,-123
42.780516,-65
42.880525,-188
42.981447,-288
43.081322,-245
43.181462,-289
43.281419,-269
43.380488,-231
43.48135,-304
43.581351,-233
43.680533,-195
43.780508,-230
43.880503,-255
43.980601,-295
44.080647,-95
44.18058,-30
44.280563,-144
44.380586,-181
44.480587,-190
44.58142,-164
44.680516,-145
44.780513,-137
44.880561,-112
44.980545,-258
45.080586,-198
45.180544,-269
45.2814,-148
45.381416,-82
45.480456,-95
45.580445,-244
45.680508,-193
45.780505,-152
45.880504,-173
45.981342,-42
46.08139,-80
46.181424,-131
46.281414,-112
46.381337,-107
46.481361,-62
46.581362,-47
46.680504,-98
46.78051,-185
46.880496,-121
46.981284,-146
47.0814,-122
47.18051,-191
47.280556,-183
47.380467,-242
47.480424,-200
47.580507,-117
47.680483,-100
47.780497,-71
47.880492,-110
47.980498,-173
48.080526,-147
48.180581,-168
48.281241,-95
48.380443,-62
48.480515,-162
48.580441,-182
48.680547,-122
48.78048,-49
48.880497,-95
48.980485,-216
49.081367,-204
49.18067,-80
49.280658,-60
49.381254,-113
49.480517,-142
49.581443,-147
49.681427,-148
49.780476,-101
49.881369,-104
49.980534,-85
50.080521,-88
50.180548,-83
50.280519,-146
50.380623,6
50.481375,36
50.580532,-92
50.680531,-106
50.780483,-57
50.880478,-50
50.980466,-69
51.080568,-166
51.180656,-95
51.280559,-68
51.380626,-189
51.480562,-84
51.580577,-100
51.681404,-112
51.78047,-134
51.880469,-268
51.980471,-89
52.080469,-128
52.180498,-201
52.280532,-232
52.381251,-150
52.480589,-178
52.580494,-206
52.780403,-210
52.881222,-259
52.980475,-190
53.08047,-280
53.280407,-152
53.481243,-399
53.680565,-227
53.781305,-131
54.880415,-215
54.98045,-143
55.080436,-134
55.180439,-47
55.281404,-1
55.380538,-107
55.480514,-33
55.580503,-150
55.681252,-96
55.781296,-39
55.880399,-104
55.980451,0
56.080436,-66
56.18044,-134
56.280521,-95
56.381232,-137
56.481327,-64
56.581343,-124
56.681358,-71
56.780484,-101
56.880612,35
56.98119,1
57.080428,-170
57.180423,-66
57.280616,-45
57.380499,-2
57.480507,-58
57.581331,-2
57.680527,-206
57.780476,-6
57.881266,-93
57.981191,-57
58.080424,-77
58.180427,-50
58.280662,-138
58.380593,-218
58.48057,-178
58.580599,-132
58.68118,-79
58.781208,-151
58.881387,-32
58.980433,-54
59.080415,-193
59.180431,-112
59.280544,-79
59.380548,-225
59.481227,-208
59.581342,-315
59.68118,-245
59.780502,-88
59.881373,-215
59.980412,-89
60.080424,-244
60.180414,-247
60.280419,-182
60.380547,-235
60.481219,-150
60.581202,-110
60.681173,-129
60.781327,-194
60.880536,-288
60.980511,-196
61.080407,-119
61.18041,-110
61.280403,-227
61.380503,-259
61.481274,-183
61.58128,-264
61.680442,-205
61.780452,-271
61.880477,-148
61.980519,-246
62.08116,-9
62.180411,-110
62.281151,-261
62.380527,-150
62.481164,-131
62.581158,-147
62.680486,-168
62.781276,-145
62.880503,-75
62.981166,-118
63.08115,-50
63.181153,-69
63.281145,-2
63.381057,-117
63.481153,-53
63.580448,-131
63.680486,-80
63.781169,-49
63.881226,-108
63.980555,-187
64.080514,-87
64.18114,-155
64.28115,-7
64.381143,-176
64.48048,-53
64.581251,-334
64.680501,-96
64.781163,-63
64.880547,-126
64.980562,-43
64.980562,-43
65.081268,-206
65.18115,-24
65.281138,-155
65.38113,-167
65.480585,-134
65.581175,-202
65.68116,-145
65.781189,-69
65.880533,11
65.981241,-92
66.080568,-144
66.181137,-178
66.281116,-140
66.381117,-240
66.480512,-154
66.581216,-249
66.680436,-182
66.780527,-131
66.88115,-372
66.981188,-238
67.080495,-325
67.181133,-351
67.281117,-138
67.381135,-278
67.481169,-378
67.581134,-315
67.681128,-413
67.781171,-515
67.880462,-310
67.981277,-368
68.28113,-257
68.381118,-357
68.480471,-393
68.580467,-419
68.681143,-310
68.780487,-453
68.881195,-322
68.981152,-335
69.081278,-290
69.180528,-195
69.281105,-191
69.381119,-288
69.481103,-98
69.580526,-230
69.680526,-19
69.780462,-113
69.880471,-23
69.98046,-156
70.081258,-148
70.180548,-49
70.281101,-140
70.381106,91
70.481116,-53
70.581176,-177
70.681238,-81
70.781262,-59
70.881157,-73
70.980543,68
71.080432,-41
71.181102,-34
71.281106,-1
71.381107,-48
71.481086,-145
71.581244,-33
71.680502,-83
71.781151,21
71.881156,-12
71.980458,29
72.080537,129
72.181118,84
72.281093,24
72.381094,88
72.4811,159
72.581122,126
72.68108,278
72.781177,78
72.881121,72
72.981197,-10
73.080536,100
73.181216,33
73.28108,5
73.381082,-25
73.4811,-51
73.581175,-38
73.680498,-16
73.781165,187
73.881095,17
73.980518,72
74.081126,79
74.181132,194
74.280465,213
74.280465,213
74.381067,193
74.481073,223
74.581114,263
74.681194,128
74.781139,128
74.881128,-10
74.981192,23
75.081165,219
75.181079,106
75.280526,-30
75.381071,123
75.48109,164
75.581078,216
75.68122,-36
75.781173,-16
75.881128,113
75.981267,191
76.080481,147
76.181095,148
76.281156,121
76.381067,37
76.481086,108
76.581069,8
76.680466,57
76.780712,98
76.881187,-59
76.981137,1
77.081157,-74
77.181168,147
77.281058,182
77.381054,144
77.48106,-49
77.581048,-279
77.681062,-195
77.78047,-38
77.880492,0
77.981124,-106
78.080491,-180
78.181166,-54
78.281137,114
78.381101,-171
78.481056,-19
78.581049,69
78.681054,59
78.781197,229
78.88106,175
78.981187,177
79.081093,89
79.181114,136
79.281159,161
79.381134,114
79.481057,95
79.581045,103
79.681046,157
79.781105,9
79.88113,64
79.981081,-47
80.081234,-40
80.181122,-102
80.281197,8
80.381155,24
80.481049,5
80.581036,-62
80.681038,-227
80.780608,-260
80.881179,-157
80.981116,-132
81.081182,-104
81.181168,-62
81.281183,-86
81.381163,-109
81.48104,-242
81.581041,-270
81.681034,-88
81.781044,-191
81.88111,-75
81.981135,-243
82.081104,-116
82.181097,-196
82.281059,-160
82.3811,-241
82.481142,-194
82.58104,-191
82.681028,-148
82.781034,-258
82.881213,-38
82.981201,-302
83.08113,-210
83.181196,-206
83.281096,-52
83.381044,-164
83.481214,-234
83.581028,-134
83.681011,-225
83.781136,-64
83.881201,-143
83.981113,-102
84.081126,-142
84.181059,-135
84.281021,-200
84.381101,-180
84.481186,-161
84.581015,-303
84.681021,-300
84.78111,-280
84.880633,-65
84.981073,-143
85.081196,-126
85.181036,-66
85.281047,-154
85.381115,-246
85.481213,-202
86.181136,-228
86.281029,-115
86.381012,-229
86.481134,-55
86.581176,-187
86.681,-246
86.781014,-270
86.881,-187
86.981095,-390
87.081077,-348
87.181143,-228
87.281013,-168
87.381103,-213
87.48113,-242
87.581132,-313
87.680996,-255
87.781054,-117
87.880997,-469
87.98115,-317
88.081062,-640
88.181057,-305
88.281135,-381
88.38115,-278
88.48102,-259
88.580995,-224
88.681054,-214
88.780993,-235
88.881002,-322
88.980698,-300
89.081129,-188
89.181124,-225
89.281069,-236
89.381124,-120
89.481106,-78
89.680987,-61
89.780966,-113
89.880979,-141
89.981006,-278
90.081,-127
90.181128,-151
90.281016,-116
90.381168,-119
90.48113,12
90.680983,-26
90.781059,-30
90.880966,73
90.980976,-104
91.081026,27
91.181166,-68
91.280995,-24
91.381137,-183
91.481009,-87
91.581019,-42
91.681139,-96
91.780967,-299
91.88098,-28
91.980968,-144
92.080988,-158
92.181047,-288
92.281101,-430
92.38097,-285
92.481117,-334
92.581113,-329
92.681069,-318
92.780977,-312
92.88095,-473
92.980964,-469
93.080616,-535
93.180993,-377
93.281135,-576
93.381127,-263
93.48107,-168
93.581066,-213
93.680996,-215
93.780986,-282
93.881029,-361
93.980951,-296
94.08095,-127
94.181028,-192
94.281142,-50
94.380998,-10
94.481093,91
94.581054,46
94.68104,11
94.781072,-101
94.880951,-193
94.980943,-86
95.080955,-75
95.181047,-186
95.280998,-361
95.381044,-397
95.480976,-343
95.581018,-549
95.68106,0
95.780955,-132
95.880947,-260
95.980943,-499
96.08092,-242
96.180971,-264
96.280983,-210
96.381039,-245
96.481002,-227
96.580947,-361
96.681076,-44
96.781072,-88
96.880952,-130
96.980926,-229
97.080934,-454
97.181176,-115
97.28106,-556
97.381024,-498
97.481016,-526
97.581001,-272
98.080917,-303
98.180982,-265
98.280992,-212
98.380937,-234
98.480982,-404
98.58106,-288
98.680929,-198
98.781063,-141
101.080898,-356
101.180914,-442
101.281164,-226
101.480993,-313
101.581057,-324
101.781083,-395
101.881066,-513
101.980898,-340
102.080888,-301
102.1809,-583
102.28091,-508
102.38106,-382
102.480997,-363
102.580921,-410
102.681099,-273
102.780937,-424
102.881054,-546
102.980994,-560
103.080893,-563
103.18091,-489
103.280946,-409
103.381028,-215
103.480992,-305
103.581038,-571
103.680908,-555
103.781003,-481
103.881023,-325
103.981012,-392
104.080898,-505
104.180888,-298
104.280995,-389
104.380914,-441
104.481059,-525
104.580932,-316
104.68088,-330
104.780957,-119
104.880937,-323
104.981072,-315
105.080885,-341
105.180981,-453
105.280974,-281
105.381175,-304
105.481044,-314
105.580927,-370
105.681031,-362
106.780992,-330
106.880935,-412
106.981071,-396
107.080976,-397
107.180873,-261
107.280866,-182
107.380971,-369
107.480951,-386
107.580883,-455
107.680947,-441
107.780918,-392
107.881029,-418
107.980989,-140
108.080862,-293
108.18087,-215
108.280871,-283
108.380863,-331
108.480886,-208
110.980973,-369
111.080947,-245
111.180849,-195
111.28085,-86
111.380856,-197
111.480949,-297
111.580979,-284
111.681002,-251
111.780964,-142
111.881027,-256
111.98091,-339
112.081048,-24
112.180832,-307
112.280987,-293
116.081024,-145
116.18101,-28
116.280962,-125
116.38086,-220
119.680858,-554
119.780909,-574
119.881074,-586
119.98093,-609
120.081039,-597
120.180866,-630
120.281055,-633
120.381039,-644
120.480911,-643
120.780991,-644
120.88089,-634
120.980965,-608
121.181001,-540
121.281024,-539
121.381006,-485
122.081046,-251
122.480876,-39
122.580868,-34
122.680874,17
122.780885,72
122.881039,119
122.980962,180
123.080898,231
123.280906,389
123.381039,407
123.480895,456
123.580876,543
123.680877,592
123.780869,658
123.881067,700
123.981024,745
124.080996,771
124.180902,783
124.280926,809
124.380966,813
124.481051,810
124.580888,809
124.680885,800
124.780873,783
124.881032,776
124.981007,763
125.081025,741
125.181076,713
125.280908,687
125.380893,658
125.481035,616
125.580884,572
125.680877,536
125.780865,491
125.880918,441
125.980993,392
126.180992,302
126.280895,250
126.680864,94
126.780883,73
126.88095,54
126.981076,38
127.080955,31
127.180936,22
127.281043,26
127.380986,39
127.48104,53
127.580884,65
127.880919,124
127.980905,155
128.180933,216
128.28101,252
128.3809,288
128.480949,322
128.581039,357
128.680877,383
128.780869,403
128.980917,452
129.080946,472
129.381008,515
129.481021,516
129.581027,521
129.680886,519
129.780905,520
129.880904,521
129.980922,521
130.081043,523
130.180938,522
130.280914,517
130.38098,517
130.480903,519
130.580973,517
130.681004,518
130.780891,510
130.88088,509
130.981036,499
131.081063,491
131.180991,486
131.280984,472
131.380973,465
131.481068,445
131.780897,389
131.880905,369
131.980903,359
132.181035,321
132.281006,311
132.38099,304
132.480952,291
132.780884,246
132.880884,234
132.981024,220
133.180994,199
133.281057,161
133.380901,163
133.481007,161
133.681017,169
133.780892,115
133.880878,116
133.980871,95
134.081086,103
134.180994,98
134.28096,85
135.181095,53
135.280976,47
135.380952,52
135.481051,31
135.580892,40
135.681097,42
135.980888,51
136.080921,41
136.181088,46
136.280953,44
136.381009,48
136.480971,50
136.581071,52
136.680937,50
136.780899,54
136.880881,52
137.080911,55
137.180924,54
137.481006,65
137.581021,65
137.681043,67
137.780913,66
137.880904,71
137.980905,69
138.081061,72
138.180975,69
138.280918,70
140.68091,21
140.780908,19
140.980914,17
141.080904,15
141.18089,12
141.280947,12
141.381077,9
141.481066,8
141.580909,8
141.680949,6
141.781015,5
141.881009,4
141.980888,2
142.080891,2
142.180908,2
142.280957,-1
142.380968,0
142.481031,0
142.58112,-1
142.680944,0
142.78109,-1
142.880979,0
142.980924,2
143.080888,2
143.180908,5
143.281088,1
143.38109,2
143.481008,4
143.580997,2
143.680999,7
143.780926,5
143.880949,3
143.980889,5
144.080906,8
144.180909,8
144.280906,5
144.381033,11
144.480925,6
144.580922,12
144.680932,11
144.781101,13
144.880977,18
144.980982,13
145.080906,16
145.180905,18
145.280911,19
145.380983,19
145.480964,17
145.581071,22
145.680958,18
145.781003,22
145.881036,19
145.981113,22
146.080914,20
146.180922,23
146.28091,24
146.381066,23
146.48103,22
146.580952,23
146.681056,25
146.780938,22
146.881112,22
146.981017,22
147.080897,24
147.181032,26
148.981035,19
149.080976,21
149.180948,20
149.281016,19
149.380911,18
149.480976,20
149.58107,18
149.681085,16
149.781108,15
149.88101,11
149.981014,11
150.080947,8
150.180927,10
150.280919,7
150.380911,4
150.480955,4
150.58109,3
150.68105,4
150.781045,2
150.881007,3
150.980936,1
151.080986,1
151.180923,0
151.280933,0
151.380925,0
151.480917,0
151.581038,-1
151.680981,0
151.780963,-2
151.881032,-4
151.981032,-6
152.080966,-8
152.180926,-6
152.280919,-5
152.380933,-6
152.481033,-6
152.581061,-7
152.681022,-2
152.781026,-15
152.881073,-12
152.981028,-9
153.081099,-12
153.180928,-12
153.280928,-14
153.380938,-13
153.48103,-13
153.581051,-13
153.681034,-10
153.781017,-11
153.880993,-10
153.981068,-12
154.081012,-10
154.181075,-10
154.280915,-13
154.380921,-14
154.480997,-12
154.581037,-10
154.680983,-9
154.780831,-8
154.881084,-9
154.98104,-8
155.081059,-10
155.180918,-9
155.280925,-12
155.380926,-9
155.48094,-5
155.581082,-4
155.681067,-5
155.780952,-5
155.880995,-6
155.981088,-8
156.08112,-7
156.181038,-2
156.280916,0
156.380917,0
156.581046,-2
156.680988,0
156.780975,-2
156.881056,2
156.980951,5
157.081079,4
157.180935,4
157.280917,0
157.380918,2
157.480932,6
157.581267,7
157.681096,7
157.780977,8
157.880927,6
157.981122,5
158.081061,5
158.181052,10
158.280917,12
158.380927,11
158.48092,9
158.580977,8
158.681032,12
158.781042,13
158.880916,13
158.980983,10
159.081032,11
159.18097,11
159.281027,15
159.380923,15
159.480942,13
159.580922,12
159.680942,11
159.781049,14
159.881136,16
159.981111,16
160.081028,14
160.180966,16
160.281028,17
160.380933,18
160.480943,16
160.580979,16
160.681038,16
160.781125,16
160.88107,19
160.98103,15
161.081102,15
161.18102,15
161.281112,18
161.480917,13
161.580923,11
161.681,12
161.781149,14
161.881099,12
161.981139,11
162.08099,12
162.181,11
162.281021,12
162.380939,12
162.48094,8
162.580945,12
162.680938,13
162.781113,8
162.88097,2
162.981001,6
163.080989,7
163.181078,5
163.281051,1
163.380952,3
163.480936,8
163.580937,8
163.680981,5
163.780995,4
163.881076,9
163.981045,7
164.080963,7
164.18107,5
164.281025,9
164.381034,13
164.481025,10
164.580942,9
164.680939,11
164.78094,14
164.881124,14
164.98104,13
165.081068,13
165.181153,17
165.280994,15
165.380975,12
165.481028,13
165.580925,17
165.680939,17
165.780954,14
165.881026,16
165.981123,19
166.080947,18
166.181038,14
166.280954,17
166.380948,18
166.480971,17
166.580934,16
166.680935,15
166.780923,20
166.880987,19
166.9811,17
167.081106,16
167.181125,18
167.281125,19
167.38115,15
167.481071,17
167.580951,18
167.680943,18
167.780966,16
167.880953,18
167.981136,20
168.081023,19
168.181087,16
168.281114,18
168.381096,18
168.481013,16
168.580929,13
168.680957,16
168.780936,18
168.881093,18
168.980968,11
169.081053,13
169.180998,17
169.280985,11
169.381092,12
169.481144,14
169.580959,15
169.680949,14
169.78095,13
169.881092,18
169.98097,18
170.080877,14
170.181013,15
170.281076,21
170.38105,19
170.580966,17
170.680936,23
170.780942,23
170.880941,19
170.981064,20
171.081061,23
171.180947,23
171.280988,19
171.381143,19
171.481123,23
171.581076,22
171.680937,22
171.780942,20
171.880937,24
171.981155,23
172.081113,21
172.181005,21
172.281033,25
172.380975,22
172.581035,22
172.680937,25
172.780943,24
172.880947,19
172.981039,23
173.081085,24
173.18099,20
173.281097,20
173.38116,21
173.481107,21
173.581112,19
173.681035,16
173.780948,17
173.880938,21
173.981029,17
174.081132,18
174.180984,20
174.281129,21
174.381001,21
174.480914,19
174.580999,21
174.6811,24
174.780957,23
174.880957,23
174.98094,25
175.081117,27
175.181037,28
175.280966,23
175.381147,28
175.481056,28
175.581012,27
175.680988,24
175.780953,26
175.880805,28
175.980949,27
176.081133,25
176.181148,21
176.28093,27
176.381073,28
176.480951,27
176.581136,25
176.681125,28
176.780941,29
176.880949,27
176.980941,25
177.080958,27
177.181097,28
177.281024,24
177.381133,23
177.481011,24
177.580979,24
177.681127,23
177.780946,20
177.880941,22
177.980946,24
178.080981,26
178.18104,26
178.281059,23
178.380974,24
178.481042,27
178.581033,27
178.680991,26
178.780946,29
178.880955,32
178.980973,30
179.08098,29
179.180963,29
179.281081,33
179.380986,29
179.481111,26
179.581179,28
179.681143,31
179.781132,32
179.880946,29
179.980961,27
180.080951,29
180.181116,30
180.280968,32
180.380997,29
180.480974,30
180.581135,33
180.680972,31
180.781001,30
180.880965,30
180.980957,32
181.080956,29
181.180956,27
181.281,26
181.381051,25
181.48112,27
181.581043,29
181.681057,24
181.781055,23
181.880956,29
181.980957,29
182.080952,29
182.181069,27
182.281171,30
182.38101,32
182.481003,32
182.581,33
182.681134,32
182.781068,33
182.880957,36
182.980976,35
183.080948,31
183.181163,32
183.281,32
183.381055,35
183.481045,32
183.581169,33
183.68106,33
183.781162,36
183.880971,35
183.980945,34
184.080962,34
184.181137,34
184.28115,34
184.381139,33
184.481031,29
184.580967,31
184.681097,31
184.781054,33
184.880962,30
184.980959,27
185.080971,28
185.180974,31
185.281078,35
185.380968,30
185.481164,30
185.581117,35
185.681138,34
185.780993,36
185.881006,34
185.980946,34
186.080963,37
186.180979,40
186.281015,37
186.380986,35
186.480902,34
186.581004,37
186.681124,39
186.781098,39
186.881022,35
186.980972,35
187.080957,38
187.180974,41
187.281085,40
187.381002,37
187.480986,37
187.581169,38
187.681038,38
187.780983,34
187.881158,35
187.980946,35
188.080958,37
188.180957,35
188.281136,32
188.381015,31
188.48102,31
188.581017,34
188.681068,38
188.781118,39
188.881178,35
188.980973,38
189.080967,39
189.180979,41
189.280958,38
189.381106,38
189.481035,40
189.581118,41
189.681049,42
189.781078,39
189.880994,41
189.981049,39
190.080964,42
190.180967,44
190.380965,39
190.48109,40
190.581122,45
190.68111,43
190.781085,40
190.881061,39
190.98114,35
191.081128,40
191.180981,38
191.280977,37
191.380978,34
191.481022,33
191.580975,37
191.680858,36
191.781012,37
191.880975,36
191.981121,38
192.081119,41
192.180976,42
192.280956,42
192.381115,41
192.481162,45
192.581034,45
192.681005,45
192.780973,41
192.881008,40
192.981004,41
193.081092,45
193.180955,44
193.280983,45
193.380975,39
193.48109,43
193.581123,46
193.680988,44
193.780944,46
193.881004,40
193.981101,42
194.081143,42
194.180982,41
194.380962,38
194.481021,37
194.581103,41
194.680986,41
194.781157,40
194.881047,38
194.981051,46
195.081113,45
195.180978,47
195.280971,45
195.380976,44
195.481175,46
195.580886,47
195.681103,47
195.781145,47
195.881158,45
195.981127,47
196.081036,48
196.180992,49
196.280971,45
196.380968,44
196.480969,46
196.581115,49
196.680979,49
196.781173,45
196.881006,44
196.981051,43
197.081045,45
197.180978,43
197.280985,40
197.380995,40
197.480974,40
197.581103,44
197.6811,45
197.781176,46
197.88112,43
197.981003,46
198.080996,50
198.180991,52
198.280984,50
198.380976,47
198.480982,49
198.58118,50
198.681079,50
198.781094,52
198.881165,49
198.981144,47
199.081049,50
199.180995,54
199.280989,49
199.380977,48
199.480982,46
199.581058,49
199.681127,50
199.781151,49
199.881155,45
199.981131,43
200.081116,45
200.181048,49
200.280968,46
200.380986,43
200.480988,44
200.581061,47
200.681026,52
200.781082,53
200.980865,49
201.081176,52
201.181005,56
201.380996,51
201.480997,50
201.581166,51
201.681044,52
201.781102,52
201.881084,50
201.981153,49
202.081178,51
202.181092,53
202.28101,53
202.380979,51
202.480993,47
202.580985,46
202.681188,49
202.781029,48
202.881152,45
202.981119,45
203.081121,44
203.181012,50
203.281129,53
203.380997,52
203.480989,47
203.581008,51
203.681136,56
203.781183,55
203.881006,56
203.981114,53
204.081174,53
204.18112,57
204.281106,56
204.380993,53
204.480994,53
204.581008,53
204.680988,58
204.781117,57
204.881035,54
204.981134,53
205.081009,53
205.181179,53
205.281139,52
205.381044,49
205.480977,46
205.581005,46
205.68084,48
205.781108,54
205.881065,51
205.981028,49
206.081176,53
206.181011,56
206.280912,57
206.380861,59
206.480986,56
206.580977,53
206.680996,57
206.781048,58
206.880877,58
206.981053,56
207.080999,55
207.181099,55
207.28114,60
207.381017,58
207.480999,55
207.580978,55
207.68101,57
207.781128,57
207.88102,52
207.981035,49
208.081011,51
208.181111,48
208.281161,54
208.381094,52
208.481105,52
208.580983,52
208.681002,58
208.781003,59
208.88108,61
208.981161,59
209.081134,56
209.181102,57
209.281059,60
209.381144,60
209.480995,61
209.580999,57
209.680987,59
209.781002,60
209.881122,63
209.981056,60
210.081108,57
210.180989,58
210.281092,58
210.380987,60
210.481043,55
210.581,53
210.680992,51
210.781002,55
210.881016,56
210.981173,56
211.081167,56
211.181043,58
211.281151,60
211.381166,62
211.481056,62
211.580992,60
211.680988,58
211.78102,61
211.881028,62
211.981017,63
212.081144,59
212.181191,60
212.281048,61
212.481032,60
212.580992,60
212.680989,59
212.781003,59
212.881037,59
212.981051,57
213.081152,54
213.181147,53
213.281023,56
213.381098,57
213.48106,59
213.581002,59
213.681016,60
213.780995,61
213.881003,64
213.981207,65
214.081112,63
214.181075,61
214.281068,61
214.381091,65
214.48118,65
214.581084,62
214.681003,60
214.781009,62
214.880865,65
214.981016,64
215.081037,64
215.181141,60
215.28117,60
215.381194,59
215.481049,59
215.581161,60
215.680999,55
215.781005,57
215.880991,58
215.981007,61
216.081081,64
216.181132,65
216.281201,63
216.381043,63
216.481005,63
216.581056,67
216.680996,68
216.781001,65
216.881005,63
216.981088,62
217.081182,66
217.181102,69
217.281095,68
217.381158,63
217.481001,61
217.581078,60
217.681009,63
217.781024,63
217.881006,62
217.981127,58
218.081021,58
218.18108,59
218.281043,64
218.381155,64
218.481051,64
218.581021,62
218.681014,63
218.780994,66
218.881019,68
218.981003,71
219.081124,65
219.181144,67
219.281097,65
219.381082,68
219.48107,68
219.58108,69
219.681215,67
219.781007,66
219.881016,66
219.981003,66
220.081194,66
220.181128,64
220.281139,59
220.381084,57
220.481107,61
220.581015,63
220.681079,65
220.781011,65
220.881023,64
220.980998,67
221.081084,68
221.181106,71
221.281192,70
221.381199,68
221.481161,65
221.581019,68
221.681187,68
221.78102,70
221.881011,72
221.981003,72
222.081208,68
222.181087,66
222.281072,66
222.381196,67
222.481019,66
222.581061,64
222.681047,62
222.781025,60
222.881016,62
222.981013,67
223.081172,69
223.180964,70
223.281067,69
223.381059,68
223.481024,70
223.581144,74
223.680907,74
223.781069,73
223.881013,71
223.981018,69
224.081017,70
224.181065,71
224.281181,75
224.381023,73
224.481026,70
224.581201,69
224.681123,64
224.781131,66
224.881019,65
224.981007,67
225.08101,66
225.181102,64
225.281185,67
225.381089,66
225.481103,71
225.581197,73
225.681153,73
225.781114,73
225.881061,69
225.981018,72
226.081021,71
226.181011,77
226.281191,75
226.381193,75
226.481063,72
226.681015,70
226.781171,73
226.881054,71
226.981025,70
227.081011,69
227.181022,64
227.281069,64
227.381073,65
227.481076,68
227.581113,71
227.681062,71
227.781112,72
227.881114,73
227.981032,74
228.081022,76
228.181025,78
228.281112,77
228.38107,75
228.481067,72
228.581201,73
228.681106,72
228.781161,74
228.881023,76
228.981123,76
229.081113,75
229.181117,72
229.281145,68
229.381167,67
229.48113,66
229.581043,68
229.681106,71
229.781033,71
229.881158,70
229.981104,71
230.081094,74
230.181106,75
230.281098,76
230.380925,80
230.481168,78
230.580986,77
230.681062,74
230.781068,74
230.881157,74
230.981102,76
231.081094,79
231.181098,76
231.281103,74
231.381159,72
231.481036,70
231.581174,69
231.681129,66
231.781191,67
231.881055,71
231.981144,72
232.081092,74
232.181095,75
232.281096,78
232.381072,74
232.481128,75
232.581151,76
232.681154,77
232.781103,80
232.881192,81
232.981056,79
233.08109,80
233.18108,79
233.281081,78
233.381103,75
233.481115,72
233.58108,74
233.781096,74
233.881098,73
233.981082,74
234.081098,75
234.181092,72
234.281098,73
234.381091,74
234.481151,74
234.581035,78
234.681181,80
234.781179,82
234.881097,80
234.981085,80
235.081163,81
235.181073,79
235.281096,78
235.381075,79
235.481117,78
235.581095,77
235.681104,74
235.781173,76
235.881068,75
235.981101,74
236.081103,76
236.181071,73
236.281081,76
236.381085,74
236.480988,77
236.581117,77
236.681089,75
236.781117,80
236.881166,81
236.981131,80
237.08105,83
237.18105,83
237.281051,84
237.381079,82
237.481121,85
237.581048,82
237.681165,82
237.781035,79
237.881115,77
237.981132,74
238.08093,73
238.181063,73
238.281042,71
238.381048,74
238.481043,73
238.581046,74
238.681087,80
238.781076,83
238.881065,84
238.981116,83
239.081101,83
239.181041,84
239.281051,84
239.381043,82
239.48104,84
239.581055,83
239.681062,83
239.781022,81
239.881133,78
239.981156,78
240.08107,79
240.181082,74
240.281029,74
240.381044,72
240.48104,74
240.581108,74
240.681084,76
240.781018,78
240.881064,81
240.981113,81
241.081035,83
241.18113,82
241.381031,85
241.481036,88
241.581088,86
241.681098,85
241.780975,85
241.881095,87
241.981031,87
242.081051,83
242.181028,83
242.281034,80
242.381009,78
242.481041,80
242.581116,78
242.681059,79
242.780977,80
242.881066,83
242.981117,85
243.081111,85
243.181038,89
243.281031,85
243.381014,84
243.481029,86
243.581111,85
243.681111,83
243.780955,84
243.881035,84
243.98109,83
244.081101,82
244.181039,82
244.281014,78
244.381019,76
244.48102,76
244.581026,75
244.681043,76
244.781124,76
244.880982,78
244.980993,80
245.080952,83
245.181068,83
245.280917,83
245.380812,83
245.480813,86
245.580818,85
245.680928,85
245.780915,85
245.880947,85
245.980884,83
246.081084,83
246.18085,80
246.280887,81
246.380804,80
246.4808,77
246.580801,77
246.680752,77
246.780945,77
246.880849,78
246.98072,82
247.080889,79
247.180936,84
247.280981,83
247.380804,86
247.480796,84
247.580802,85
247.680933,85
247.78088,87
247.880875,85
247.980854,84
248.080941,85
248.180899,85
248.280928,82
248.38103,82
248.481022,80
248.680859,78
248.780767,79
248.880987,82
248.981179,83
249.080883,86
249.18085,86
249.280933,87
249.380782,86
249.481016,88
249.581009,89
249.681015,88
249.780982,91
249.880906,87
249.980692,88
250.180967,89
250.28085,88
250.380873,87
250.481004,86
250.58101,84
250.681002,82
250.780905,84
250.881065,85
250.980954,88
251.080842,87
251.180868,89
251.28094,91
251.380857,89
251.481017,92
251.581006,91
251.680998,91
251.780833,93
251.880918,89
251.980825,91
252.080766,87
252.180867,90
252.280798,89
252.380893,85
252.480992,86
252.580997,82
252.68099,80
252.780897,81
252.880847,80
252.980944,83
253.080846,85
253.180911,87
253.281162,89
253.381019,90
253.480982,91
253.580989,93
253.68099,93
253.780885,92
253.880905,94
253.98101,93
254.08101,92
254.180908,92
254.280844,94
254.380806,90
254.48095,89
254.580977,84
254.680969,82
254.780881,82
254.880904,82
254.980842,82
255.080806,85
255.181047,87
255.280808,89
255.380928,89
255.480931,92
255.580968,93
255.680974,93
255.780877,94
255.880962,93
255.980883,94
256.080838,96
256.181027,95
256.280932,94
256.380854,91
256.480818,90
256.580793,88
256.680964,84
256.780867,83
256.880969,84
256.980825,87
257.080887,87
257.180875,89
257.280757,88
257.380904,91
257.480973,92
257.58094,95
257.680962,96
257.78086,96
257.880967,94
257.980806,95
258.081204,96
258.180857,94
258.281004,92
258.380918,89
258.480862,88
258.581047,87
258.680949,84
258.780852,83
258.880954,85
258.981009,84
259.080968,88
259.180783,90
259.281027,94
259.381195,94
259.480842,95
259.580993,97
259.68095,95
259.780848,94
259.88095,96
259.980956,95
260.080894,93
260.181012,93
260.2809,92
260.380836,88
260.480802,87
260.581184,88
260.78084,85
260.880938,88
260.980938,91
261.081012,92
261.180985,95
261.280996,98
261.381164,97
261.481066,98
261.580962,94
261.68089,94
261.780827,94
261.880929,92
261.980931,95
262.08078,94
262.181134,97
262.280966,96
262.380823,95
262.480799,92
262.581054,90
262.680959,89
262.780832,86
262.880921,85
262.980922,89
263.080773,90
263.180865,91
263.281124,94
263.380914,98
263.480777,98
263.680842,101
263.780815,99
263.880913,97
263.980914,95
264.081051,94
264.181183,94
264.280853,92
264.380978,95
264.481185,92
264.580929,90
264.681071,90
264.780807,91
264.880909,91
264.980897,90
265.080909,91
265.181063,92
265.280987,95
265.481009,97
265.58087,98
265.68106,99
265.780869,99
265.881015,95
265.980902,98
266.080901,98
266.180994,93
266.280935,92
266.381093,92
266.581067,90
266.681076,90
266.780856,91
266.880906,92
266.980894,93
267.080892,95
267.180906,97
267.280869,97
267.380867,98
267.481107,102
267.581235,100
267.68096,98
267.781031,94
267.880893,99
268.080893,94
268.181057,99
268.28082,94
268.381064,94
268.480846,93
268.681218,87
268.781018,91
268.880898,91
268.980886,95
269.181044,100
269.280837,102
269.381063,94
269.481039,97
269.581116,100
269.681017,102
269.780832,99
273.780838,103
273.881022,101
273.980944,97
274.280761,93
274.38103,95
274.580916,96
274.681084,96
274.78093,98
274.881014,104
274.98087,101
275.080773,100
275.181017,99
275.480977,106
275.581041,102
275.680879,101
275.780853,99
275.881102,96
276.180873,93
276.280878,94
276.38098,97
276.480915,96
276.681113,98
276.780861,104
276.881151,103
277.481229,104
277.581099,102
277.680867,101
277.881023,98
278.080907,97
278.180882,95
278.280875,97
278.380867,97
278.480999,102
278.681095,104
278.88083,102
279.180881,105
279.280887,103
279.581093,103
279.880909,96
280.180882,96
280.581105,104
280.781068,105
282.080852,96
