T,gyro_1f_roll[deg]
-19.90373,0.0
-19.803718,0.0
-19.703753,0.0
-19.6037,0.0
-19.503709,0.0
-19.403688,0.0
-19.303677,0.0
-19.20369,0.0
-19.103708,0.0
-19.003708,0.0
-18.903739,0.0
-18.803674,0.0
-18.70316,0.0
-18.603702,0.0
-18.503697,0.0
-18.403188,0.0
-18.303705,0.0
-18.203692,0.0
-18.103162,0.0
-18.00369,0.0
-17.903674,0.0
-17.803683,0.0
-17.703685,0.0
-17.603671,0.0
-17.503693,0.0
-17.403693,0.0
-17.303668,0.0
-17.203681,0.0
-17.103667,0.0
-17.003693,0.0
-16.903711,0.0
-16.803681,0.0
-16.703629,0.0
-16.603694,0.0
-16.503149,0.0
-16.403664,0.0
-16.303659,0.0
-16.203157,0.0
-16.103651,0.0
-16.003651,0.0
-15.903648,0.0
-15.80367,0.0
-15.703671,0.0
-15.603671,0.0
-15.503654,0.0
-15.40364,0.0
-15.303642,0.0
-15.203663,359.9
-15.103661,359.9
-15.003635,359.9
-14.903687,359.9
-14.803651,0.0
-14.703659,359.9
-14.603152,0.0
-14.50365,0.0
-14.403657,359.9
-14.303152,0.0
-14.203622,359.9
-14.103655,0.0
-14.003662,0.0
-13.903688,0.0
-13.803657,0.0
-13.703632,0.0
-13.603632,0.0
-13.503654,0.0
-13.40368,0.0
-13.30365,0.0
-13.203629,0.0
-13.103614,0.0
-13.003601,0.0
-12.903612,0.0
-12.803626,0.0
-12.703125,0.0
-12.603628,0.0
-12.503623,0.0
-12.403134,0.0
-12.303619,0.0
-12.203632,0.0
-12.103597,0.0
-12.003623,0.0
-11.903621,0.0
-11.803603,0.0
-11.703623,0.0
-11.603597,0.0
-11.503632,0.0
-11.403619,0.0
-11.303588,0.0
-11.203627,0.0
-11.103626,0.0
-11.003626,0.0
-10.903604,0.0
-10.803138,0.0
-10.703601,0.0
-10.603627,0.0
-10.503108,0.0
-10.403623,0.0
-10.303651,0.0
-10.203123,0.0
-10.103623,0.0
-10.003636,0.0
-9.903641,0.0
-9.803637,0.0
-9.703612,0.0
-9.603624,0.0
-9.503647,0.0
-9.403647,0.0
-9.303629,0.0
-9.203643,0.0
-9.003628,0.0
-8.903316,0.0
-8.803655,0.0
-8.703629,0.0
-8.60314,0.0
-8.503625,0.0
-8.403638,0.0
-8.303145,0.0
-8.203647,0.0
-8.103612,0.0
-8.003657,0.0
-7.903622,0.0
-7.803644,0.0
-7.703625,0.0
-7.603651,0.0
-7.503647,0.0
-7.40366,0.0
-7.303669,0.0
-7.203656,0.0
-7.103634,0.0
-7.003647,0.0
-6.903652,0.0
-6.80366,0.0
-6.70316,0.0
-6.603622,0.0
-6.503604,0.0
-6.403115,0.0
-6.303666,0.0
-6.203613,0.0
-6.103651,0.0
-6.003651,0.0
-5.903669,0.0
-5.803656,0.0
-5.703668,0.0
-5.603641,0.0
-5.503676,0.0
-5.403654,0.0
-5.303663,0.0
-5.20365,0.0
-5.103622,0.0
-5.003635,0.0
-4.903613,0.0
-4.803147,0.0
-4.703676,0.0
-4.603623,0.0
-4.503157,0.0
-4.403672,0.0
-4.303641,0.0
-4.203654,0.0
-4.103653,0.0
-4.003639,0.0
-3.903604,0.0
-3.803693,0.0
-3.703694,0.0
-3.603694,0.0
-3.50365,0.0
-3.40365,0.0
-3.303659,0.0
-3.203672,0.0
-3.10367,0.0
-3.003644,0.0
-2.903151,0.0
-2.803649,0.0
-2.70365,0.0
-2.603135,0.0
-2.503672,0.0
-2.403672,0.0
-2.303641,0.0
-2.203681,0.0
-2.103653,0.0
-2.003639,0.0
-1.903645,0.0
-1.80368,0.0
-1.703667,0.0
-1.603674,0.0
-1.503643,0.0
-1.403629,0.0
-1.303665,0.0
-1.203678,0.0
-1.10365,0.0
-1.003214,0.0
-0.903694,0.0
-0.803663,0.0
-0.703163,0.0
-0.603651,0.0
-0.503673,0.0
-0.403145,0.0
-0.303669,0.0
-0.203629,0.0
-0.103681,0.0
-0.003668,0.0
0.096328,0.0
0.196336,0.0
0.296321,0.0
0.396295,0.0
0.496353,0.0
0.596313,0.0
0.696299,0.0
0.796588,0.0
0.896606,0.0
0.99658,0.0
1.096287,0.0
1.196798,0.1
1.296294,0.0
1.396587,0.1
1.496805,0.1
1.596604,0.0
1.696569,359.9
1.796609,0.0
1.896583,0.0
1.996623,0.0
2.096579,0.0
2.19659,0.0
2.296602,0.1
2.396576,0.1
2.49658,0.2
2.596558,0.2
2.696549,0.3
2.796589,0.4
2.896603,0.5
2.996577,0.6
3.096773,0.7
3.196584,0.7
3.296596,0.8
3.396771,0.8
3.496574,0.7
3.596574,0.7
3.696556,0.7
3.796609,0.8
3.896571,0.8
3.996605,0.7
4.096586,0.7
4.196551,0.7
4.296597,0.7
4.396571,0.7
4.496566,0.6
4.596593,0.6
4.696574,0.5
4.796548,0.5
4.896602,0.4
4.99675,0.4
5.096611,0.4
5.196593,0.4
5.29677,0.3
5.396613,0.3
5.496595,0.3
5.596542,0.2
5.696599,0.2
6.096596,0.4
6.196565,0.4
6.29659,0.4
6.396541,0.5
6.496559,0.5
6.596545,0.5
6.696576,0.5
6.79655,0.5
6.896779,0.5
6.996525,0.5
7.096567,0.4
7.19679,0.4
7.296592,0.4
7.39657,0.5
7.496548,0.5
7.5966,0.5
7.796592,0.5
7.896593,0.5
7.99658,0.5
8.096575,0.6
8.196592,0.6
8.296569,0.6
8.396609,0.6
8.496564,0.5
8.596568,0.5
8.696577,0.4
8.796777,0.4
8.896551,0.4
8.996552,0.5
9.096734,0.5
9.196568,0.4
9.496549,0.4
9.596576,0.4
9.696531,0.5
9.796544,0.5
9.896559,0.4
9.996546,0.4
10.096581,0.4
10.196576,0.4
10.296562,0.4
10.396566,0.5
10.79659,0.5
10.896552,0.5
10.996739,0.5
11.096573,0.5
11.196559,0.5
11.297077,0.5
11.396588,0.6
11.496583,0.5
11.596544,0.5
11.696601,0.5
11.796548,0.5
11.89655,0.5
11.996553,0.5
12.096575,0.5
12.196561,0.5
12.296533,0.5
12.396559,0.4
12.496551,0.4
12.596751,0.4
12.696585,0.5
12.796559,0.5
12.896699,0.5
13.096533,0.5
13.197044,0.5
13.296554,0.5
13.396531,0.5
13.496566,0.5
13.596513,0.5
13.696535,0.5
13.796522,0.5
13.896514,0.5
13.996567,0.5
14.096523,0.5
14.196556,0.6
14.296552,0.6
14.396552,0.6
14.496691,0.6
14.596521,0.6
14.696565,0.6
14.796704,0.6
14.896561,0.6
14.996575,0.7
15.097019,0.7
15.196581,0.7
15.296537,0.6
15.396551,0.7
15.496515,0.7
15.596555,0.7
15.696533,0.7
15.796572,0.6
15.896565,0.7
16.096533,0.7
16.196514,0.7
16.296571,0.7
16.396706,0.7
16.496562,0.7
16.596536,0.6
16.696714,0.6
16.796513,0.6
16.896541,0.6
16.99703,0.6
17.09651,0.6
17.296521,0.5
17.396525,0.5
17.496556,0.5
17.596529,0.5
17.696541,0.5
17.796554,0.5
17.896516,0.5
17.996536,0.5
18.096492,0.5
18.196502,0.5
18.296683,0.5
18.396522,0.5
18.496517,0.5
18.596705,0.5
18.696548,0.6
18.796521,0.6
18.897011,0.6
18.996496,0.6
19.096535,0.5
19.296533,0.6
19.396554,0.6
19.496519,0.6
19.596518,0.6
19.696523,0.6
19.79651,0.6
19.896537,0.6
19.996525,0.6
20.096484,0.6
20.196673,0.6
20.296522,0.5
20.395702,0.5
20.596526,0.5
20.696535,0.6
20.797041,0.6
20.896531,0.6
20.996548,0.6
21.096508,0.6
21.196504,0.6
21.296551,0.6
21.396525,0.6
21.496502,0.7
21.596502,0.7
21.696533,0.7
21.796497,0.7
21.896493,0.8
21.996506,0.9
22.096627,1.0
22.196506,1.0
22.396659,1.2
22.596516,1.3
22.696982,1.3
22.796546,1.3
22.896534,1.3
22.996535,1.3
23.096503,1.4
23.296515,1.4
23.396492,1.3
23.496491,1.2
23.596544,1.1
23.696548,1.0
23.796521,0.9
23.89651,0.9
23.996496,0.8
24.096478,0.8
24.196532,0.8
24.296704,0.8
24.396534,0.8
24.496498,0.8
24.596974,0.7
24.696476,0.6
24.796516,0.5
24.896495,0.4
24.996495,0.4
25.096517,0.4
25.196518,0.3
25.296475,0.2
25.396492,0.1
25.49651,359.9
25.596483,359.8
25.696474,359.7
25.796488,359.7
25.896457,359.6
25.996438,359.6
26.096446,359.5
26.296484,359.3
26.396488,359.2
26.496959,359.1
26.596477,359.0
26.696446,358.9
26.796441,358.9
26.896455,358.8
26.996468,358.6
27.096503,358.5
27.196451,358.3
27.296448,358.2
27.396479,358.1
27.496434,358.0
27.596495,357.9
27.69644,357.7
27.796466,357.7
27.896472,357.6
27.99644,357.6
28.09664,357.6
28.196449,357.4
28.296433,357.3
28.396966,357.2
28.496445,357.2
28.596463,357.1
28.696462,357.0
28.796426,356.9
28.89648,356.8
28.996467,356.7
29.096466,356.7
29.196427,356.7
29.296434,356.7
29.396424,356.6
29.496473,356.6
29.596424,356.6
29.696428,356.7
29.796428,356.7
29.896469,356.8
29.996661,356.8
30.096402,356.8
30.196479,356.8
30.196479,356.8
30.296974,356.8
30.396426,356.7
30.496451,356.7
30.596452,356.6
30.696482,356.6
30.796442,356.6
30.896457,356.5
30.996457,356.6
31.096466,356.6
31.196453,356.6
31.296463,356.6
31.396458,356.6
31.496462,356.6
31.596456,356.7
31.696434,356.7
31.796487,356.8
31.896663,356.8
31.996436,356.8
32.096461,356.9
32.196994,356.9
32.296445,357.0
32.396446,357.0
32.496463,357.0
32.59645,357.0
32.696448,357.0
32.796449,357.1
32.896454,357.2
32.996454,357.2
33.096436,357.2
33.196459,357.2
33.29647,357.0
33.39643,356.9
33.4965,356.8
33.596474,356.8
33.696452,356.8
33.796594,356.7
33.896434,356.7
33.996448,356.6
34.096958,356.6
34.196444,356.5
34.29645,356.5
34.39649,356.6
34.496494,356.6
34.596455,356.7
34.696433,356.8
34.796432,356.8
34.896438,356.7
34.996438,356.6
35.096446,356.6
35.196443,356.5
35.296476,356.5
35.39641,356.4
35.496441,356.4
35.596468,356.2
35.696633,356.1
35.796466,356.0
35.896445,356.0
35.996921,356.0
36.0964,356.0
36.196428,355.9
36.296448,356.0
36.396455,356.1
36.49642,356.1
36.59642,356.2
36.69649,356.2
36.796411,356.1
36.896412,356.1
36.996425,356.2
37.096434,356.2
37.196431,356.3
37.296437,356.3
37.396477,356.3
37.496428,356.3
37.596656,356.4
37.696446,356.6
37.79642,356.7
37.896936,356.7
37.996421,356.8
38.096447,356.8
38.196457,356.9
38.296463,357.0
38.396454,357.1
38.496432,357.2
38.596432,357.2
38.696476,357.3
38.79645,357.4
38.896451,357.4
38.996438,357.5
39.096394,357.6
39.196416,357.7
39.296423,357.8
39.396437,357.8
39.496602,357.8
39.596401,357.8
39.696432,357.8
39.796934,357.8
39.896433,357.8
39.996433,357.8
40.096446,357.8
40.196443,357.8
40.296436,357.8
40.39641,357.8
40.496457,357.8
40.596405,357.8
40.696436,357.7
40.796409,357.7
40.896477,357.7
40.996384,357.7
41.096419,357.8
41.196416,357.9
41.296436,357.9
41.396597,357.9
41.49644,357.9
41.596414,357.9
41.69692,358.0
41.796471,358.0
41.89645,358.1
41.996441,358.1
42.096436,358.2
42.196419,358.1
42.296439,358.1
42.396439,358.1
42.496417,358.2
42.596417,358.2
42.696434,358.3
42.796487,358.4
42.89641,358.4
42.996423,358.5
43.096435,358.5
43.196406,358.4
43.296639,358.4
43.396478,358.4
43.496447,358.4
43.59694,358.4
43.696429,358.4
43.796442,358.5
43.896444,358.4
43.996377,358.4
44.096433,358.4
44.19643,358.5
44.296449,358.5
44.396384,358.5
44.496428,358.6
44.596414,358.7
44.696445,358.8
44.796419,358.9
44.89642,359.0
44.99642,359.1
45.096402,359.3
45.196587,359.5
45.296392,359.6
45.396392,359.7
45.496912,359.8
45.596397,359.9
45.696401,359.9
45.796388,0.0
45.896429,0.0
45.996433,0.0
46.096376,0.0
46.196398,0.0
46.296445,0.0
46.396396,0.0
46.496417,0.0
46.596391,359.9
46.696435,359.9
46.796422,359.9
46.89641,359.9
46.99641,359.8
47.096593,359.8
47.196389,359.8
47.296435,359.8
47.396898,359.8
47.4964,359.7
47.596387,359.7
47.696418,359.7
47.796391,359.6
47.896419,359.5
47.996406,359.5
48.096361,359.4
48.196398,359.4
48.296444,359.4
48.396444,359.3
48.496435,359.4
48.596448,359.4
48.696426,359.4
48.796413,359.4
48.896415,359.5
48.996576,359.5
49.096383,359.6
49.196401,359.6
49.29693,359.6
49.396375,359.6
49.496419,359.7
49.59638,359.7
49.69637,359.7
49.796384,359.8
49.896385,359.8
50.096407,359.8
50.196364,359.8
50.29637,359.8
50.396404,359.8
50.496382,359.8
50.596369,359.8
50.6964,359.8
50.7964,359.8
50.896589,359.9
50.996388,359.9
51.096436,359.9
51.196903,359.9
51.29638,359.9
51.396375,359.9
51.496393,359.9
51.596419,359.9
51.69637,0.0
51.796371,359.9
51.896411,359.9
51.996398,359.9
52.096367,359.9
52.196403,359.9
52.296383,359.9
52.39641,359.8
52.496348,359.8
52.596348,359.8
52.696379,359.7
52.796553,359.7
52.89638,359.7
53.196359,359.6
53.39634,359.5
53.596388,359.4
53.696379,359.4
53.796392,359.5
54.896343,359.8
54.996859,359.8
55.096391,359.9
55.196388,359.9
55.296329,359.9
55.396395,359.9
55.496399,359.9
55.596399,359.9
55.696377,359.9
55.796404,359.9
55.896405,359.9
55.996378,359.8
56.0964,359.8
56.196358,359.8
56.296416,359.8
56.396377,359.8
56.496355,359.8
56.59656,359.7
56.696367,359.7
56.796368,359.6
56.896878,359.6
56.996376,359.6
57.096398,359.5
57.196355,359.5
57.296369,359.4
57.396356,359.4
57.496387,359.4
57.596373,359.4
57.696364,359.3
57.796404,359.3
57.896352,359.3
57.996392,359.3
58.096388,359.3
58.196397,359.3
58.296398,359.3
58.396346,359.3
58.496524,359.4
58.59635,359.4
58.696407,359.4
58.796922,359.4
58.896342,359.5
58.996356,359.5
59.096364,359.5
59.196387,359.5
59.296367,359.5
59.396368,359.5
59.496385,359.5
59.596336,359.5
59.696393,359.5
59.79634,359.4
59.896355,359.4
59.996342,359.5
60.09639,359.5
60.196374,359.5
60.296341,359.5
60.396816,359.5
60.496331,359.6
60.596319,359.6
60.696864,359.6
60.79634,359.6
60.896342,359.6
60.996329,359.7
61.095542,359.7
61.196347,359.7
61.296354,359.7
61.396366,359.6
61.496318,359.5
61.595551,359.4
61.696348,359.4
61.796296,359.4
61.895543,359.4
61.99635,359.4
62.096345,359.5
62.195562,359.5
62.296838,359.6
62.395528,359.7
62.495506,359.8
62.596842,359.9
62.695524,0.0
62.796344,0.0
62.896359,0.0
62.995578,0.0
63.09556,0.0
63.195544,0.0
63.296384,0.0
63.395564,359.9
63.495555,359.8
63.596388,359.7
63.695506,359.6
63.79634,359.6
63.896354,359.6
63.995534,359.6
64.095529,359.6
64.196041,359.6
64.295533,359.7
64.395559,359.8
64.496026,359.9
64.595511,0.0
64.695528,0.1
64.795542,0.2
64.895516,0.3
64.995556,0.3
65.096346,0.3
65.196382,0.3
65.295528,0.3
65.395581,0.2
65.496379,0.2
65.595572,0.2
65.696331,0.2
65.795523,0.3
65.895512,0.3
65.995539,0.4
66.096009,0.5
66.195544,0.5
66.296344,0.6
66.39686,0.7
66.495541,0.7
66.596336,0.8
66.695506,0.9
66.795519,0.9
66.895534,0.9
66.995534,0.8
67.095542,0.7
67.195513,0.6
67.295533,0.5
67.395519,0.5
67.495563,0.4
67.595511,0.4
67.695514,0.4
67.795528,0.5
67.89553,0.6
68.095538,0.8
68.395515,0.8
68.495546,0.9
68.59552,1.0
68.69637,1.1
68.79555,1.2
68.895525,1.4
68.995551,1.5
69.095534,1.6
69.195544,1.7
69.29551,1.7
69.395537,1.8
69.495528,2.0
69.595462,2.1
69.695506,2.2
69.795546,2.3
69.896023,2.3
69.995507,2.4
70.095516,2.4
70.196002,2.3
70.295559,2.3
70.39548,2.2
70.495497,2.0
70.595537,1.9
70.695528,1.8
70.795502,1.8
70.895516,1.8
70.995503,1.8
71.095472,1.8
71.195482,1.9
71.295541,1.9
71.395515,2.0
71.495492,2.0
71.595546,2.1
71.69551,2.2
71.795973,2.2
71.895472,2.3
71.995485,2.4
72.095996,2.5
72.195504,2.6
72.29551,2.8
72.395497,2.8
72.495501,2.8
72.595502,2.8
72.695519,2.6
72.795519,2.5
72.895507,2.4
72.995494,2.3
73.095502,2.3
73.195486,2.2
73.295493,2.2
73.395479,2.2
73.495523,2.2
73.59551,2.3
73.696003,2.4
73.795501,2.6
73.895529,2.8
73.995992,3.0
74.095498,3.2
74.195508,3.2
74.295515,3.2
74.395488,3.1
74.495466,2.9
74.595519,2.8
74.695497,2.8
74.795523,2.8
74.895485,2.8
74.995498,2.8
75.095507,2.7
75.195464,2.5
75.295483,2.3
75.395563,2.2
75.495515,2.2
75.596003,2.2
75.695506,2.2
75.795493,2.3
75.89597,2.3
75.995481,2.4
76.095463,2.5
76.1955,2.6
76.295506,2.6
76.395493,2.6
76.495471,2.6
76.595497,2.5
76.695501,2.5
76.795475,2.4
76.895463,2.3
76.99549,2.2
77.095498,2.1
77.195468,1.9
77.295475,1.7
77.395515,1.6
77.495994,1.5
77.595466,1.5
77.69547,1.5
77.795972,1.5
77.895472,1.4
77.895472,1.4
77.995498,1.4
78.095494,1.4
78.195517,1.4
78.295484,1.3
78.395497,1.3
78.495475,1.2
78.595475,1.2
78.695519,1.2
78.795505,1.1
78.895507,1.1
78.995481,1.1
79.095502,1.0
79.095502,1.0
79.195512,0.8
79.295506,0.6
79.395981,0.5
79.495483,0.3
79.595484,0.1
79.69599,0.0
79.795488,359.9
79.895476,359.7
79.995477,359.6
80.095458,359.4
80.195495,359.3
80.295488,359.3
80.395448,359.3
80.495466,359.3
80.595466,359.4
80.69543,359.5
80.795464,359.6
80.895453,359.7
80.995492,359.7
81.095487,359.8
81.195471,359.8
81.295993,359.8
81.395451,359.8
81.495469,359.8
81.595971,359.8
81.695486,359.8
81.795487,359.7
81.895448,359.7
81.995475,359.6
82.095457,359.5
82.195467,359.4
82.295433,359.3
82.3955,359.2
82.495478,359.2
82.595451,359.2
82.695455,359.3
82.795495,359.5
82.895457,359.6
82.995444,359.8
83.095492,359.9
83.195964,0.0
83.295469,0.1
83.395469,0.1
83.496002,0.1
83.5955,0.1
83.695451,0.0
83.795451,359.8
83.895413,359.6
83.995466,359.5
84.095435,359.4
84.195418,359.3
84.295478,359.3
84.395451,359.4
84.495495,359.5
84.595495,359.6
84.695447,359.8
84.79546,0.0
84.895474,0.0
84.995448,0.0
85.096766,0.1
85.195467,0.1
85.29546,0.0
85.395922,0.1
85.495438,0.1
85.595412,0.2
85.695456,0.3
85.795455,0.3
86.095425,359.6
86.195436,359.3
86.295416,359.1
86.395416,358.9
86.495433,358.8
86.595447,358.7
86.695424,358.6
86.795438,358.6
86.895466,358.5
86.996709,358.5
87.095448,358.5
87.195458,358.6
87.29594,358.8
87.395411,358.9
87.495455,359.1
87.595469,359.2
87.695393,359.3
87.795433,359.4
87.895435,359.5
87.995448,359.5
88.095456,359.4
88.195467,359.4
88.29546,359.3
88.395433,359.3
88.495477,359.3
88.595411,359.3
88.695429,359.3
88.795429,359.2
88.896687,359.2
88.995444,359.1
89.095399,359.1
89.195924,359.0
89.295416,359.0
89.395455,359.0
89.495473,358.9
89.595433,358.9
89.695411,358.8
89.795451,358.7
89.895452,358.7
89.995426,358.7
90.095435,358.7
90.195457,358.7
90.295424,358.8
90.395451,358.8
90.495428,358.9
90.595429,358.9
90.695433,359.0
90.796716,359.2
90.895448,359.5
90.995435,359.8
91.095972,0.1
91.195413,0.2
91.295433,0.3
91.395473,0.3
91.495437,0.2
91.595464,0.0
91.695429,0.0
91.795442,0.0
91.895443,0.1
91.995417,0.4
92.095465,0.7
92.195422,1.1
92.295429,1.4
92.395415,1.7
92.49538,2.0
92.595407,2.3
92.69672,2.6
92.795398,2.8
92.895399,3.0
92.995941,3.1
93.095461,3.2
93.195418,3.1
93.295425,3.0
93.395464,3.0
93.495429,3.0
93.595416,3.1
93.695446,3.1
93.79542,3.0
93.895408,2.8
93.995408,2.5
94.09539,2.2
94.19544,1.8
94.295446,1.5
94.395446,1.2
94.495464,1.0
94.59676,0.8
94.695428,0.6
94.795455,0.6
94.895932,0.6
94.99543,0.7
95.095399,0.8
95.195409,1.0
95.295389,1.2
95.395416,1.3
95.495407,1.5
95.59538,1.7
95.695398,1.8
95.795424,1.9
95.895425,2.0
95.995386,1.9
96.095408,1.8
96.195404,1.7
96.295437,1.6
96.395438,1.5
96.495957,1.4
96.595429,1.3
96.695407,1.2
96.795922,1.2
96.895434,1.1
96.995435,1.1
97.095443,1.1
97.195453,1.1
97.295393,1.2
97.395447,1.3
97.795415,1.6
98.195396,2.3
98.295402,2.4
98.396685,2.4
98.49542,2.5
98.595393,2.5
98.695873,2.7
100.995417,1.0
101.295415,0.5
101.395442,0.3
101.495393,0.0
101.595367,359.7
101.695358,359.5
101.795385,359.3
101.895425,359.1
101.995386,358.9
102.095368,358.7
102.196687,358.4
102.295384,358.3
102.395385,358.2
102.495877,358.1
102.595375,358.1
102.69538,358.0
102.79538,357.8
102.895394,357.7
102.995381,357.6
103.095443,357.5
103.19536,357.5
103.29538,357.4
103.39538,357.3
103.49541,357.3
103.595371,357.2
103.695389,357.1
103.795415,357.1
103.895403,357.1
103.995404,357.1
104.096668,357.2
104.195382,357.2
104.295402,357.4
104.395917,357.5
104.495406,357.7
104.595393,357.9
104.695411,358.1
104.795384,358.2
104.895412,358.3
104.995386,358.3
105.095407,358.2
105.195378,358.2
105.295398,358.2
105.395397,358.2
105.495402,358.2
105.595402,358.1
105.695393,358.0
106.595384,357.6
106.695375,357.6
106.795389,357.6
106.895364,357.5
106.99539,357.4
107.095412,357.4
107.195396,357.4
107.295388,357.5
107.395402,357.5
107.495393,357.6
107.595406,357.5
107.695371,357.4
107.795384,357.4
107.896682,357.4
107.995386,357.4
108.095368,357.4
108.195866,357.3
108.295344,357.3
108.395384,357.3
108.495362,357.4
108.595388,357.4
110.995359,358.1
111.09538,358.1
111.195364,358.1
111.295411,358.2
111.395344,358.3
111.495401,358.4
111.595389,358.5
111.695868,358.6
111.795379,358.7
111.895381,358.7
111.99587,358.7
112.19536,358.7
115.995772,359.6
116.096296,359.5
116.395358,359.1
116.695819,358.7
119.795806,352.6
119.895381,353.8
119.995794,355.2
120.095816,356.7
120.195373,358.3
120.295411,0.0
120.395806,1.9
120.695797,8.7
120.795784,11.4
120.895794,14.3
120.995789,17.3
121.196369,23.7
121.295781,27.0
122.095808,55.9
122.495788,70.7
122.595749,74.3
122.695767,77.9
122.795806,81.5
122.895755,85.3
122.995755,89.2
123.095789,93.4
123.19576,98.0
123.295772,102.8
123.396583,107.9
123.495784,113.0
123.595758,118.2
123.795762,128.1
123.89575,132.8
123.995764,137.3
124.095772,141.6
124.195782,145.6
124.295755,149.2
124.395762,152.5
124.49574,155.4
124.59574,157.7
124.695771,159.5
124.795797,160.9
124.895786,161.7
124.995785,162.1
125.09582,162.0
125.195817,161.4
125.296659,160.5
125.395797,159.3
125.495762,157.9
125.595824,156.2
125.695766,154.4
125.795806,152.5
125.895781,150.4
125.995834,148.3
126.195826,144.0
126.295812,142.0
126.59581,138.2
126.795789,137.9
126.89579,138.5
126.995803,139.6
127.095798,141.2
127.195818,143.3
127.295781,145.9
127.395789,149.0
127.495842,152.5
127.595806,156.4
127.795798,165.7
127.895785,171.0
127.995759,176.6
128.195751,189.0
128.29579,195.7
128.495775,209.4
128.595762,216.2
128.795753,229.7
128.895807,236.3
128.995794,242.8
129.095865,249.2
129.395815,267.3
129.495797,272.8
129.595784,277.9
129.695815,282.7
129.795801,287.2
129.895803,291.3
129.99579,295.0
130.095798,298.3
130.195782,301.3
130.295807,303.8
130.395775,306.0
130.495766,307.8
130.595793,309.2
130.695784,310.2
130.795784,310.9
130.895812,311.3
130.996602,311.4
131.09582,311.3
131.195791,311.0
131.295812,310.6
131.39581,310.3
131.495749,310.0
131.695792,309.7
131.795793,309.9
131.895808,310.3
131.995754,310.9
132.195747,312.9
132.295785,314.0
132.395766,315.2
132.495744,316.4
132.795749,320.1
132.896593,321.3
132.995776,322.5
133.195817,324.9
133.295781,326.2
133.395762,327.5
133.695784,331.5
133.795797,333.0
133.895772,334.5
133.995799,336.1
134.095741,337.8
134.195724,339.5
134.295763,341.3
135.095838,358.3
135.195773,0.7
135.295772,3.2
135.396295,5.7
135.49581,8.3
135.595797,10.9
135.795761,16.3
135.895803,19.0
135.995777,21.7
136.095785,24.5
136.195768,27.4
136.295768,30.2
136.395735,33.0
136.495779,35.9
136.595806,38.8
136.69656,41.7
136.79577,44.6
136.895772,47.5
137.095767,53.2
137.495775,64.6
137.595749,67.4
137.695779,70.1
137.795753,72.9
137.895781,75.5
137.995767,78.2
138.095802,80.8
138.195773,83.4
138.295771,85.9
140.895741,142.2
140.995741,144.4
141.095772,146.6
141.195759,148.9
141.295758,151.2
141.395766,153.5
141.495744,155.9
141.59581,158.4
141.695709,160.9
141.795722,163.4
141.895763,166.1
141.995776,168.7
142.095771,171.5
142.195742,174.3
142.295767,177.2
142.395761,180.2
142.495739,183.2
142.595753,186.4
142.695779,189.6
142.795757,192.9
142.895732,196.3
142.995807,199.8
143.09574,203.3
143.195764,207.0
143.295798,210.7
143.39577,214.6
143.495708,218.5
143.595735,222.6
143.695739,226.7
143.795766,230.9
143.895754,235.2
143.995741,239.6
144.095736,244.1
144.19572,248.7
144.295745,253.3
144.395753,258.0
144.495744,262.8
144.59573,267.7
144.695748,272.6
144.795761,277.6
144.895785,282.6
144.995736,287.7
145.095745,292.8
145.195777,297.9
145.395735,308.2
145.495739,313.3
145.595713,318.4
145.69573,323.5
145.795731,328.5
145.895771,333.5
145.995732,338.4
146.095714,343.2
146.195737,347.9
146.295723,352.6
146.395731,357.1
146.495721,1.5
146.595761,5.8
146.695739,10.1
146.796542,14.2
146.895714,18.1
146.995714,22.0
147.095824,25.7
147.195706,29.4
147.295732,32.9
149.095766,78.3
149.195724,80.0
149.296225,81.7
149.395743,83.2
149.495761,84.7
149.595735,86.2
149.695752,87.5
149.795739,88.9
149.895714,90.1
149.995714,91.4
150.095709,92.5
150.19572,93.7
150.295731,94.8
150.395713,95.9
150.495717,96.9
150.595717,97.9
150.695721,98.9
150.795748,99.9
150.896552,100.9
150.995749,101.8
151.095745,102.8
151.195777,103.7
151.295753,104.6
151.395735,105.6
151.495726,106.5
151.595699,107.5
151.695704,108.5
151.79573,109.4
151.895758,110.5
151.995745,111.5
152.095687,112.5
152.195737,113.6
152.295683,114.7
152.395717,115.8
152.495734,117.0
152.595695,118.1
152.695739,119.3
152.796542,120.5
152.89574,121.7
152.995714,123.0
153.095758,124.3
153.195719,125.6
153.295718,127.0
153.395752,128.3
153.495677,129.8
153.595704,131.2
153.695695,132.7
153.795695,134.3
153.895683,135.9
153.995683,137.5
154.095704,139.2
154.195702,141.0
154.295687,142.8
154.395681,144.6
154.495699,146.5
154.595673,148.4
154.696546,150.4
154.795703,152.5
154.895692,154.5
154.995727,156.6
155.095713,158.8
155.195684,160.9
155.295683,163.1
155.395664,165.3
155.495681,167.5
155.595708,169.7
155.695686,171.8
155.795686,174.0
155.895714,176.1
155.995674,178.1
156.095696,180.1
156.19568,182.1
156.295718,183.9
156.395699,185.7
156.596507,189.0
156.695708,190.4
156.795682,191.8
156.895745,193.0
156.995709,194.2
157.095705,195.1
157.19619,196.0
157.29574,196.7
157.395708,197.3
157.495712,197.7
157.595725,198.1
157.695703,198.3
157.795704,198.3
157.895731,198.3
157.995718,198.1
158.095674,197.8
158.195684,197.3
158.295683,196.8
158.395664,196.1
158.495694,195.4
158.595734,194.5
158.695725,193.5
158.795721,192.4
158.8957,191.2
158.995687,189.9
159.096198,188.6
159.195706,187.1
159.295691,185.5
159.395686,183.9
159.495637,182.2
159.595677,180.4
159.695695,178.6
159.795681,176.6
159.895696,174.6
159.995696,172.6
160.095678,170.4
160.195648,168.2
160.295648,166.0
160.39567,163.7
160.495661,161.3
160.595688,158.9
160.695714,156.5
160.795666,154.0
160.895654,151.5
160.996169,148.9
161.095662,146.3
161.195686,143.7
161.295685,141.0
161.395666,138.3
161.49571,135.6
161.59567,132.8
161.695687,130.1
161.795648,127.3
161.895676,124.4
161.995702,121.6
162.095697,118.8
162.195655,115.9
162.295693,113.0
162.395701,110.1
162.495719,107.2
162.595728,104.3
162.69567,101.4
162.79567,98.5
162.895733,95.6
162.995671,92.7
163.095693,89.9
163.19573,87.0
163.295702,84.1
163.395683,81.3
163.495675,78.5
163.595687,75.7
163.695692,72.9
163.795719,70.2
163.895667,67.5
163.995667,64.8
164.095676,62.2
164.195698,59.6
164.295671,57.1
164.395692,54.6
164.496486,52.1
164.595696,49.8
164.695714,47.4
164.795723,45.1
164.895662,42.9
164.995689,40.8
165.096186,38.7
165.195668,36.7
165.295693,34.7
165.395661,32.9
165.495692,31.0
165.595666,29.3
165.695671,27.6
165.795698,26.0
165.895673,24.4
165.995674,22.9
166.095655,21.4
166.195679,19.9
166.295691,18.5
166.395672,17.0
166.49565,15.6
166.59565,14.2
166.695716,12.7
166.795654,11.2
166.895682,9.7
166.996184,8.1
167.09569,6.4
167.195648,4.7
167.295673,2.8
167.395614,0.9
167.495632,358.9
167.595672,356.8
167.695636,354.5
167.79565,352.2
167.895665,349.7
167.995625,347.1
168.09566,344.4
168.195657,341.5
168.295629,338.5
168.39565,335.4
168.495654,332.2
168.59569,328.8
168.695685,325.3
168.795672,321.7
168.895709,318.0
168.995633,314.2
169.095642,310.2
169.195652,306.1
169.295624,302.0
169.395632,297.7
169.495623,293.4
169.59561,288.9
169.695627,284.3
169.795641,279.7
169.895655,275.0
169.995642,270.2
170.095638,265.3
170.195634,260.3
170.295646,255.3
170.395628,250.2
170.495694,245.0
170.595619,239.8
170.695636,234.5
170.795698,229.1
170.895651,223.7
170.995651,218.3
171.09566,212.8
171.195656,207.3
171.295682,201.7
171.395667,196.1
171.495662,190.4
171.595613,184.8
171.695644,179.1
171.795631,173.3
171.895619,167.6
171.995663,161.8
172.095622,156.0
172.195659,150.2
172.295684,144.4
172.395661,138.5
172.49563,132.6
172.59563,126.8
172.695709,120.9
172.795634,114.9
172.895662,109.0
172.995636,103.1
173.095644,97.1
173.195641,91.2
173.295644,85.2
173.395655,79.2
173.495664,73.3
173.595642,67.3
173.695632,61.3
173.795633,55.4
173.895621,49.4
173.995621,43.5
174.09562,37.6
174.19563,31.7
174.295682,25.8
174.395654,20.0
174.595654,8.4
174.695623,2.7
174.795636,357.0
174.895638,351.4
174.995651,345.8
175.09565,340.3
175.195661,334.8
175.295676,329.5
175.395649,324.2
175.495613,318.9
175.595626,313.8
175.695648,308.7
175.795661,303.7
175.895636,298.8
175.995649,294.0
176.095636,289.2
176.195651,284.6
176.295637,280.0
176.395645,275.5
176.495671,271.1
176.595627,266.8
176.695622,262.5
176.795635,258.3
176.895636,254.1
176.995623,250.0
177.095606,245.9
177.195629,241.8
177.295614,237.7
177.39519,233.6
177.495643,229.5
177.595617,225.4
177.695158,221.2
177.795608,217.0
177.895623,212.7
177.995597,208.4
178.095641,203.9
178.195628,199.4
178.295191,194.8
178.395657,190.1
178.495189,185.3
178.595176,180.3
178.695617,175.3
178.79563,170.1
178.895182,164.8
178.995606,159.4
179.095627,153.9
179.195611,148.3
179.295623,142.5
179.395193,136.6
179.495608,130.7
179.595612,124.6
179.69518,118.4
179.79563,112.1
179.895195,105.7
179.995654,99.3
180.095613,92.7
180.1952,86.1
180.295645,79.3
180.39563,72.5
180.495198,65.6
180.595194,58.6
180.695652,51.6
180.795612,44.4
180.895204,37.2
180.99519,29.9
181.095199,22.6
181.195196,15.1
181.295194,7.6
181.395202,0.1
181.495193,352.4
181.595193,344.7
181.695197,337.0
181.795184,329.2
181.895172,321.4
181.995186,313.5
182.095194,305.5
182.195637,297.6
182.295627,289.5
182.395171,281.5
182.495621,273.4
182.595162,265.3
182.695206,257.2
182.795643,249.0
182.895618,240.9
182.995208,232.7
183.095164,224.5
183.19516,216.3
183.295185,208.1
183.395193,199.9
183.495621,191.7
183.595184,183.5
183.695202,175.3
183.795202,167.1
183.895203,158.8
183.995203,150.6
184.095671,142.4
184.195208,134.3
184.295208,126.1
184.396075,117.9
184.495206,109.7
184.595206,101.5
184.695211,93.3
184.795171,85.2
184.895172,77.0
184.995173,68.9
185.095154,60.8
185.195204,52.7
185.29519,44.7
185.395171,36.7
185.495162,28.8
185.595176,20.8
185.695153,13.0
185.79518,5.2
185.895181,357.4
185.99564,349.8
186.095216,342.2
186.195173,334.6
186.295644,327.2
186.395193,319.8
186.495184,312.6
186.595184,305.4
186.695201,298.3
186.795202,291.3
186.895164,284.4
186.995165,277.6
187.095161,270.8
187.195197,264.2
187.295143,257.7
187.395151,251.2
187.495169,244.8
187.595195,238.4
187.695159,232.1
187.795186,225.9
187.895647,219.7
187.995187,213.5
188.095209,207.3
188.196079,201.1
188.295165,194.9
188.395173,188.7
188.495151,182.5
188.595137,176.3
188.695168,170.0
188.795142,163.6
188.89517,157.2
188.995157,150.7
189.095178,144.1
189.195201,137.5
189.295214,130.7
189.395182,123.9
189.495186,117.0
189.595199,109.9
189.695151,102.8
189.796076,95.5
189.895218,88.2
189.995192,80.7
190.096073,73.2
190.195184,65.5
190.395177,49.9
190.495155,41.9
190.595208,33.8
190.695186,25.7
190.795172,17.4
190.895134,9.0
190.995188,0.5
191.09516,351.9
191.195144,343.2
191.29513,334.4
191.395124,325.5
191.495115,316.6
191.595128,307.5
191.696071,298.4
191.795146,289.2
191.895174,279.9
191.99606,270.5
192.095169,261.1
192.195126,251.7
192.295165,242.2
192.395172,232.6
192.495124,223.0
192.595137,213.3
192.695167,203.6
192.795141,193.9
192.895169,184.2
192.995143,174.4
193.095153,164.6
193.195137,154.8
193.295162,145.0
193.395143,135.1
193.595822,115.3
193.695139,105.4
193.795139,95.4
193.896053,85.5
193.99518,75.5
194.095109,65.5
194.19512,55.4
194.295131,45.4
194.395139,35.3
194.495143,25.2
194.595156,15.1
194.695121,5.0
194.795108,355.0
194.895122,344.9
194.995096,334.8
195.095131,324.7
195.195141,314.7
195.29514,304.6
195.395135,294.6
195.496038,284.7
195.595165,274.7
195.695143,264.8
195.895171,245.1
195.995132,235.3
196.095175,225.6
196.195163,215.9
196.295149,206.3
196.395196,196.7
196.495147,187.2
196.595134,177.7
196.695165,168.2
196.795165,158.9
196.895153,149.5
196.99518,140.2
197.095096,131.0
197.195132,121.8
197.295105,112.7
197.395112,103.7
197.495117,94.7
197.595104,85.9
197.696047,77.1
197.795108,68.3
197.895123,59.7
197.995198,51.2
198.095157,42.7
198.195154,34.4
198.295127,26.1
198.395136,17.9
198.495114,9.8
198.595128,1.8
198.695145,353.9
198.795119,346.0
198.89512,338.2
198.995107,330.5
199.095142,322.8
199.195086,315.0
199.295111,307.3
199.395092,299.6
199.495123,291.8
199.596049,284.0
199.695101,276.1
199.795075,268.2
199.896028,260.2
199.995116,252.0
200.095098,243.8
200.195108,235.5
200.295106,227.0
200.395101,218.5
200.495106,209.8
200.595118,201.0
200.695096,192.1
200.79511,183.0
200.895137,173.9
200.995111,164.6
201.095093,155.3
201.295129,136.2
201.39511,126.6
201.496026,116.8
201.595114,107.0
201.695132,97.1
201.796031,87.1
201.895107,77.0
201.99512,66.9
202.095129,56.6
202.195112,46.3
202.295137,35.9
202.395119,25.4
202.495096,14.9
202.595097,4.2
202.695114,353.5
202.795127,342.7
202.895102,331.8
202.995116,320.9
203.095097,309.9
203.195068,298.8
203.295067,287.7
203.396026,276.6
203.495092,265.4
203.595092,254.1
203.695995,242.9
203.795083,231.6
203.895071,220.2
203.995125,208.9
204.095093,197.5
204.19509,186.1
204.295076,174.8
204.395083,163.4
204.495101,151.9
204.595088,140.5
204.695105,129.1
204.795079,117.6
204.895107,106.1
204.995093,94.7
205.095102,83.2
205.195099,71.6
205.295997,60.1
205.39507,48.6
205.4951,37.0
205.596026,25.4
205.695078,13.9
205.795078,2.3
205.895054,350.8
205.995093,339.2
206.095075,327.7
206.195072,316.2
206.295084,304.8
206.395065,293.3
206.495056,281.9
206.595109,270.6
206.695087,259.3
206.7951,248.0
206.895075,236.8
206.995102,225.6
207.095084,214.5
207.196033,203.5
207.295093,192.5
207.395087,181.5
207.496017,170.6
207.595091,159.8
207.695109,148.9
207.795109,138.2
207.895097,127.5
207.995031,116.8
208.095053,106.2
208.195076,95.7
208.295075,85.3
208.39507,74.9
208.495074,64.6
208.5951,54.4
208.695091,44.3
208.795091,34.3
208.895093,24.4
208.995106,14.7
209.095088,5.0
209.195073,355.4
209.295073,345.9
209.396006,336.5
209.495098,327.2
209.595085,317.9
209.695116,308.8
209.795102,299.6
209.895104,290.6
209.995064,281.5
210.095085,272.4
210.195096,263.3
210.295068,254.2
210.395049,245.0
210.495054,235.8
210.595041,226.5
210.695058,217.1
210.795098,207.7
210.895073,198.1
210.995985,188.5
211.095068,178.7
211.195091,168.9
211.296002,159.0
211.395098,148.9
211.495076,138.8
211.595076,128.5
211.695067,118.2
211.79508,107.8
211.895055,97.3
211.995081,86.7
212.095103,76.0
212.195061,65.2
212.295099,54.3
212.395057,43.3
212.495058,32.2
212.595058,21.0
212.695089,9.8
212.795036,358.4
212.895976,346.9
212.995064,335.3
213.095046,323.6
213.195981,311.9
213.295055,300.0
213.395068,288.1
213.495067,276.1
213.595067,264.0
213.695071,251.8
213.895046,227.4
213.995046,215.1
214.095028,202.8
214.195051,190.4
214.295064,178.0
214.395051,165.6
214.495036,153.2
214.595023,140.7
214.695067,128.3
214.796005,115.7
214.895094,103.2
214.995055,90.6
215.095989,78.0
215.19506,65.4
215.295059,52.8
215.39506,40.1
215.495005,27.3
215.595071,14.6
215.695036,1.8
215.795062,349.1
215.895024,336.3
215.995024,323.5
216.095046,310.7
216.195109,297.9
216.295095,285.1
216.395015,272.3
216.495053,259.6
216.595054,246.8
216.69597,234.1
216.795071,221.4
216.895046,208.8
216.995932,196.2
217.095054,183.6
217.195051,171.0
217.295976,158.4
217.39505,145.9
217.495062,133.4
217.595036,120.9
217.695053,108.4
217.79504,96.0
217.895042,83.5
217.995041,71.1
218.095063,58.8
218.19506,46.5
218.295032,34.2
218.395006,22.0
218.495058,9.9
218.595044,357.9
218.695062,345.9
218.795049,334.0
218.895963,322.2
218.995037,310.6
219.095059,299.0
219.195955,287.5
219.295028,276.1
219.395042,264.9
219.49504,253.7
219.595066,242.6
219.695044,231.6
219.795084,220.7
219.895059,209.9
219.995072,199.1
220.095041,188.4
220.195038,177.7
220.29501,167.1
220.395037,156.5
220.495035,146.0
220.595022,135.6
220.695027,125.1
220.795926,114.7
220.895041,104.4
220.995055,94.0
221.095949,83.7
221.19502,73.3
221.295059,63.0
221.395059,52.6
221.495057,42.3
221.595045,31.9
221.695023,21.4
221.795035,10.9
221.895011,0.3
221.995024,349.6
222.095032,338.9
222.195042,328.0
222.295041,317.0
222.395041,305.8
222.49504,294.6
222.595053,283.2
222.695943,271.6
222.795018,260.0
222.895046,248.2
222.995905,236.3
223.095028,224.3
223.195012,212.1
223.295037,199.9
223.39505,187.6
223.495009,175.2
223.595009,162.7
223.695026,150.2
223.795066,137.5
223.895028,124.9
223.995028,112.1
224.09505,99.3
224.194981,86.5
224.294992,73.6
224.394993,60.6
224.495044,47.6
224.595917,34.5
224.695009,21.3
224.794996,8.0
224.895923,354.7
224.995037,341.4
225.095032,327.9
225.195003,314.5
225.295001,300.9
225.394988,287.4
225.495027,273.8
225.695004,246.5
225.795018,232.8
225.895019,219.1
225.995019,205.5
226.095001,191.8
226.194998,178.1
226.29501,164.4
226.395024,150.7
226.495908,137.0
226.594996,123.2
226.694987,109.5
226.795939,95.8
226.895054,82.0
226.995015,68.2
227.095024,54.5
227.19502,40.7
227.295046,26.9
227.395019,13.0
227.494978,359.2
227.595018,345.5
227.695022,331.7
227.795022,317.9
227.89501,304.2
227.994971,290.5
228.095005,276.9
228.194989,263.3
228.395927,236.2
228.494987,222.7
228.594987,209.3
228.695917,195.9
228.794978,182.6
228.894993,169.3
228.995019,156.1
229.095001,142.9
229.194998,129.7
229.29501,116.6
229.39497,103.5
229.494969,90.5
229.595022,77.5
229.694986,64.6
229.795,51.8
229.894975,39.0
229.994975,26.4
230.09501,13.8
230.195007,1.4
230.295878,349.0
230.394992,336.8
230.494991,324.7
230.594992,312.7
230.69497,300.9
230.794998,289.1
230.894999,277.5
230.994986,265.9
231.095008,254.4
231.194965,242.9
231.295003,231.6
231.39499,220.2
231.495002,208.9
231.594975,197.6
231.694953,186.3
231.794954,175.0
231.895021,163.7
231.995008,152.4
232.094977,141.1
232.195873,129.7
232.294999,118.3
232.394986,106.9
232.49587,95.5
232.594958,84.0
232.695002,72.4
232.795002,60.8
232.895003,49.1
232.99499,37.4
233.094986,25.5
233.194956,13.6
233.294968,1.6
233.394981,349.4
233.495006,337.2
233.59498,324.8
233.694984,312.2
233.794997,299.6
233.894999,286.8
233.994973,273.9
234.095854,260.8
234.194951,247.7
234.29499,234.5
234.395863,221.1
234.495002,207.7
234.594989,194.2
234.69498,180.6
234.794993,166.9
234.895021,153.2
234.994995,139.5
235.095003,125.7
235.194973,111.8
235.295012,97.9
235.395012,84.0
235.495024,69.9
235.594971,55.9
235.695015,41.8
235.794962,27.6
235.89499,13.3
235.995863,359.0
236.094959,344.7
236.194995,330.3
236.29584,315.8
236.394981,301.3
236.494967,286.8
236.594954,272.2
236.694971,257.7
236.794958,243.1
236.894959,228.5
236.994946,213.9
237.094994,199.3
237.194965,184.7
237.294963,170.1
237.39499,155.5
237.494936,140.9
237.595002,126.3
237.694953,111.7
237.79494,97.1
237.895841,82.4
237.994941,67.8
238.195846,38.5
238.294959,23.8
238.394946,9.1
238.494918,354.5
238.594931,339.8
238.694975,325.2
238.794975,310.6
238.894963,296.0
238.994964,281.5
239.094972,267.1
239.194955,252.7
239.294981,238.3
239.394968,224.0
239.49494,209.7
239.59494,195.5
239.694918,181.3
239.795843,167.2
239.894959,153.1
239.994946,139.1
240.09584,125.1
240.194925,111.1
240.294937,97.2
240.394937,83.3
240.494962,69.5
240.594949,55.7
240.694927,42.1
240.794926,28.5
240.894941,15.1
240.994928,1.7
241.09495,348.5
241.19496,335.3
241.294919,322.3
241.394972,309.4
241.494958,296.6
241.594933,284.0
241.695836,271.4
241.794951,258.9
241.894913,246.5
241.995838,234.2
242.094921,221.9
242.194944,209.7
242.294917,197.5
242.394917,185.3
242.494915,173.2
242.594929,161.0
242.694919,148.9
242.79492,136.8
242.894948,124.6
242.994947,112.5
243.094969,100.3
243.194927,88.2
243.294978,76.0
243.394912,63.8
243.494924,51.5
243.595426,39.2
243.694942,26.9
243.794902,14.4
243.89493,1.9
243.99489,349.3
244.094912,336.6
244.194936,323.7
244.294894,310.7
244.49492,284.3
244.59488,270.9
244.694937,257.4
244.794911,243.8
244.894925,230.0
244.994899,216.2
245.094947,202.2
245.194983,188.2
245.294916,174.0
245.394943,159.8
245.49543,145.6
245.594942,131.3
245.694933,116.9
245.795435,102.5
245.894934,88.0
245.994908,73.5
246.094877,58.9
246.1949,44.2
246.294912,29.5
246.394899,14.7
246.494871,359.8
246.594898,344.8
246.694889,329.8
246.794915,314.7
246.894903,299.6
246.994917,284.5
247.094898,269.3
247.194948,254.0
247.294921,238.8
247.395423,223.5
247.494906,208.2
247.594907,193.0
247.695426,177.7
247.794911,162.4
247.894925,147.1
247.994913,131.8
248.094921,116.5
248.194931,101.1
248.29493,85.8
248.394916,70.4
248.494928,55.0
248.594929,39.6
248.694932,24.2
248.794893,8.7
248.894868,353.3
248.994921,337.8
249.094943,322.4
249.19494,307.0
249.295401,291.6
249.394899,276.2
249.494924,260.9
249.694928,230.4
249.794889,215.2
249.894943,200.0
249.994916,184.9
250.094885,169.8
250.194922,154.7
250.294907,139.7
250.394881,124.6
250.494906,109.6
250.594933,94.7
250.694924,79.7
250.794924,64.8
250.894912,49.9
250.994886,35.1
251.094881,20.4
251.19538,5.8
251.294903,351.2
251.394903,336.7
251.495391,322.4
251.594902,308.1
251.694906,293.9
251.794893,279.9
251.894894,266.0
251.994881,252.1
252.094903,238.4
252.194873,224.7
252.294885,211.2
252.394886,197.7
252.494884,184.2
252.594897,170.8
252.694915,157.5
252.794875,144.3
252.894863,131.1
252.99489,118.0
253.095374,104.9
253.194908,91.9
253.294921,79.0
253.395423,66.1
253.49488,53.4
253.59488,40.6
253.694871,27.9
253.794884,15.2
253.894912,2.6
253.994886,349.9
254.094867,337.2
254.194851,324.5
254.294916,311.7
254.394863,298.8
254.494862,285.8
254.594876,272.7
254.69484,259.5
254.794866,246.1
254.894881,232.6
254.996148,219.1
255.094889,205.3
255.194887,191.5
255.394899,163.5
255.494884,149.4
255.594884,135.2
255.694901,120.9
255.794902,106.6
255.894903,92.1
255.99485,77.6
256.094872,63.1
256.194869,48.4
256.294841,33.7
256.394881,18.8
256.494867,3.9
256.594879,348.8
256.694871,333.7
256.794858,318.5
256.896112,303.2
256.994846,287.8
257.094854,272.3
257.195406,256.8
257.39489,225.6
257.494862,210.0
257.594875,194.3
257.694879,178.6
257.79488,162.9
257.894895,147.1
257.994882,131.4
258.094878,115.6
258.194901,99.8
258.294874,83.9
258.394874,68.1
258.494899,52.2
258.594899,36.2
258.694877,20.2
258.796064,4.2
258.894852,348.2
258.994852,332.1
259.095363,316.1
259.194831,300.0
259.294896,283.9
259.394857,267.8
259.494868,251.8
259.594855,235.7
259.694873,219.7
259.794872,203.7
259.894887,187.7
259.994861,171.8
260.094882,155.8
260.194853,139.9
260.294839,124.0
260.394878,108.1
260.49485,92.1
260.594877,76.2
260.696082,60.3
260.794842,44.4
260.894856,28.5
260.995345,12.7
261.094838,356.9
261.194862,341.1
261.294874,325.4
261.394861,309.8
261.494873,294.2
261.694863,263.3
261.794837,248.0
261.894865,232.8
261.994852,217.6
262.094874,202.5
262.194831,187.4
262.294882,172.4
262.394856,157.5
262.494842,142.6
262.694859,113.0
262.794873,98.3
262.895297,83.7
262.994847,69.2
263.094869,54.7
263.194866,40.4
263.294852,26.2
263.394839,12.2
263.494864,358.2
263.594851,344.4
263.69483,330.7
263.794831,317.1
263.894845,303.6
263.994832,290.2
264.09484,276.8
264.194824,263.5
264.294823,250.2
264.39485,236.9
264.495337,223.6
264.594835,210.2
264.6948,196.9
264.795328,183.5
264.894814,170.0
264.994841,156.5
265.094836,143.0
265.194872,129.4
265.294858,115.8
265.394832,102.1
265.49483,88.3
265.59487,74.5
265.694835,60.6
265.794848,46.7
265.89481,32.7
265.994863,18.6
266.094858,4.4
266.194815,350.0
266.294814,335.6
266.395316,321.0
266.494826,306.3
266.5948,291.4
266.695345,276.5
266.794817,261.4
266.894805,246.1
266.994819,230.8
267.094853,215.4
267.194758,200.0
267.294797,184.4
267.394849,168.8
267.494821,153.1
267.594822,137.4
267.694826,121.7
267.794799,105.9
267.894854,90.0
267.994814,74.1
268.094836,58.2
268.19482,42.2
268.295334,26.1
268.394805,10.0
268.494817,353.7
268.595319,337.5
268.694834,321.1
268.794782,304.8
268.894872,288.4
268.994796,271.9
269.094831,255.5
269.194815,239.0
269.294787,222.5
269.594812,173.0
269.894818,123.5
272.994819,337.0
273.694825,229.8
273.894801,200.0
274.094796,170.5
274.394792,126.7
274.494777,112.2
274.694794,83.6
274.794834,69.4
274.894796,55.3
275.194775,13.5
275.2948,359.8
275.3948,346.0
275.594812,318.6
275.69479,304.9
275.794751,291.2
275.894765,277.4
275.994778,263.5
276.195312,235.4
276.294796,221.2
276.49527,192.5
276.794773,148.7
277.194753,89.0
277.294818,73.9
277.394779,58.8
277.594777,28.2
277.894756,341.5
278.194775,293.8
278.294774,277.7
278.494759,245.2
278.594773,228.9
278.994805,163.0
279.094773,146.5
279.194757,129.9
279.394756,96.7
279.594808,63.3
279.995236,356.0
280.094782,339.1
280.295254,305.1
280.594777,254.0
281.294773,135.0
342.594966,10.2
355.294383,121.5
